Provincia,latitud,longitud
Almería,37.142861,-2.777880
Almería,37.133053,-2.797039
Almería,36.749179,-3.017762
Almería,37.285989,-2.181647
Almería,37.033152,-2.621248
Almería,37.387634,-2.143157
Almería,36.972965,-2.961165
Almería,37.335803,-2.597822
Almería,37.235566,-2.266250
Almería,36.990704,-2.587033
Almería,36.957725,-2.568831
Almería,36.966039,-2.601864
Almería,36.842500,-2.450648
Almería,37.002786,-2.789914
Almería,37.002442,-2.594363
Almería,37.245302,-1.918144
Almería,37.351398,-2.073185
Almería,37.349896,-2.411723
Almería,37.260315,-2.453076
Almería,36.749038,-2.910503
Almería,37.030362,-2.995630
Almería,37.330568,-2.435990
Almería,37.190790,-1.981104
Almería,37.012063,-2.790766
Almería,36.926286,-2.461372
Almería,37.231567,-2.238813
Almería,37.211936,-2.241557
Almería,36.987005,-2.619650
Almería,36.846419,-2.945726
Almería,37.008715,-2.740169
Almería,37.352581,-2.190636
Almería,36.999136,-1.894861
Almería,37.184511,-2.440089
Almería,37.267256,-2.257362
Almería,37.596660,-2.270643
Almería,37.261777,-2.210726
Almería,37.296000,-1.878370
Almería,36.821092,-2.871283
Almería,36.770887,-2.811279
Almería,36.877157,-2.602137
Almería,36.868689,-2.657515
Almería,37.169744,-2.840665
Almería,37.360550,-2.263281
Almería,36.981427,-2.855964
Almería,36.952285,-2.491176
Almería,37.167903,-1.940104
Almería,37.182170,-1.823271
Almería,37.118547,-2.541734
Almería,36.967872,-2.609232
Almería,36.885022,-2.439443
Almería,37.394841,-1.945348
Almería,36.985986,-2.639457
Almería,36.992996,-2.660031
Almería,37.296294,-2.331369
Almería,36.994312,-2.894212
Almería,37.294995,-2.217887
Almería,37.215654,-2.066789
Almería,37.040721,-2.199926
Almería,37.400384,-2.425185
Almería,37.333222,-2.299640
Almería,37.710218,-2.164519
Almería,37.140079,-1.850648
Almería,36.752705,-2.683466
Almería,37.106156,-2.648428
Almería,36.961923,-2.205726
Almería,37.038522,-2.745508
Almería,37.174807,-2.475286
Almería,37.355971,-2.298075
Almería,37.485110,-2.291046
Almería,36.998770,-2.774424
Almería,37.406540,-2.225756
Almería,37.022234,-2.953233
Almería,36.916253,-2.438898
Almería,37.407939,-1.747590
Almería,37.346576,-2.360240
Almería,36.995198,-2.681338
Almería,36.946660,-2.464619
Almería,36.763271,-2.614892
Almería,37.017103,-2.603029
Almería,36.974362,-2.531534
Almería,37.204020,-2.346020
Almería,37.344620,-2.508159
Almería,37.321298,-2.399154
Almería,37.392258,-2.388633
Almería,37.099530,-2.127221
Almería,37.338857,-2.388756
Almería,37.052666,-2.390584
Almería,37.468123,-2.077000
Almería,37.228029,-2.285274
Almería,36.984557,-2.596905
Almería,37.346015,-2.434916
Almería,37.135289,-2.712179
Almería,37.151801,-1.896297
Almería,37.029374,-2.264633
Almería,37.185273,-2.204328
Almería,37.395964,-2.364364
Almería,37.193778,-2.402840
Almería,37.692669,-2.095743
Almería,37.649601,-2.076923
Almería,37.245528,-1.864874
Almería,36.888266,-2.423863
Almería,36.800876,-2.647693
Almería,37.341894,-2.040024
Cádiz,36.463053,-5.723601
Cádiz,36.904614,-5.171661
Cádiz,36.657207,-5.655691
Cádiz,36.131754,-5.453549
Cádiz,36.881020,-5.403798
Cádiz,36.751855,-5.811056
Cádiz,36.190283,-5.922250
Cádiz,36.182670,-5.489883
Cádiz,36.342792,-5.816942
Cádiz,36.700912,-5.421823
Cádiz,36.817243,-5.743448
Cádiz,36.757496,-5.506339
Cádiz,36.517695,-6.280350
Cádiz,36.284072,-5.420562
Cádiz,36.416382,-6.151660
Cádiz,36.733072,-6.431629
Cádiz,36.279723,-6.087685
Cádiz,36.872047,-5.804319
Cádiz,36.855509,-5.322656
Cádiz,36.759158,-5.368453
Cádiz,36.686124,-6.124035
Cádiz,36.432942,-5.450442
Cádiz,36.169874,-5.350009
Cádiz,36.464308,-5.934344
Cádiz,36.933516,-5.258779
Cádiz,36.523780,-5.865677
Cádiz,36.787266,-5.556857
Cádiz,36.598850,-6.229683
Cádiz,36.530811,-6.184280
Cádiz,36.921749,-5.542060
Cádiz,36.628011,-6.369533
Cádiz,36.463966,-6.202803
Cádiz,36.607150,-5.802412
Cádiz,36.211137,-5.389430
Cádiz,36.774648,-6.351765
Cádiz,36.862792,-5.177745
Cádiz,36.017530,-5.607217
Cádiz,36.915463,-5.234267
Cádiz,36.869322,-6.174723
Cádiz,36.672238,-5.447492
Cádiz,36.250516,-5.966933
Cádiz,36.696496,-5.385019
Cádiz,36.859811,-5.644898
Cádiz,36.841060,-5.392207
Córdoba,38.027266,-4.522231
Córdoba,37.512730,-4.657883
Córdoba,38.388653,-4.967709
Córdoba,37.440042,-4.093120
Córdoba,37.813911,-5.016929
Córdoba,38.410810,-4.898148
Córdoba,37.618585,-4.322598
Córdoba,38.575441,-5.167446
Córdoba,38.271455,-5.206751
Córdoba,37.269017,-4.539629
Córdoba,38.407155,-5.439176
Córdoba,37.893425,-4.379535
Córdoba,37.473057,-4.437665
Córdoba,37.867010,-4.318887
Córdoba,37.443670,-4.274855
Córdoba,38.271101,-4.323911
Córdoba,37.668477,-4.936018
Córdoba,37.941632,-4.493714
Córdoba,37.690531,-4.479437
Córdoba,38.408530,-4.500489
Córdoba,37.889413,-4.785011
Córdoba,37.553568,-4.357261
Córdoba,38.443494,-4.895024
Córdoba,37.274306,-4.488360
Córdoba,37.679070,-4.554170
Córdoba,38.188595,-5.020437
Córdoba,37.669393,-4.724595
Córdoba,38.422720,-5.047309
Córdoba,38.266635,-5.420319
Córdoba,37.707323,-5.099922
Córdoba,37.510168,-4.146198
Córdoba,38.371101,-5.350395
Córdoba,37.757821,-4.943052
Córdoba,38.496163,-4.782843
Córdoba,38.498307,-5.145202
Córdoba,37.830275,-5.249440
Córdoba,37.256641,-4.304680
Córdoba,37.411732,-4.485626
Córdoba,37.557834,-4.279096
Córdoba,37.581365,-4.749567
Córdoba,37.646313,-4.699341
Córdoba,37.584238,-4.640735
Córdoba,38.019018,-4.381506
Córdoba,37.471533,-4.581633
Córdoba,37.435996,-4.607898
Córdoba,37.586734,-4.466915
Córdoba,38.132417,-4.800033
Córdoba,37.247829,-4.582969
Córdoba,37.700173,-5.279463
Córdoba,37.968044,-4.455471
Córdoba,38.427563,-4.763166
Córdoba,38.302203,-5.271575
Córdoba,37.803724,-5.106029
Córdoba,38.378265,-4.847967
Córdoba,37.438866,-4.202767
Córdoba,37.392756,-4.763166
Córdoba,37.608846,-4.735507
Córdoba,37.326311,-4.369261
Córdoba,37.653350,-4.823443
Córdoba,38.596354,-4.904201
Córdoba,37.561800,-4.843775
Córdoba,38.473499,-4.678167
Córdoba,37.776026,-4.220804
Córdoba,38.405128,-5.351169
Córdoba,37.681191,-4.853311
Córdoba,37.982212,-4.291340
Córdoba,37.961145,-4.545321
Córdoba,38.139327,-4.902420
Córdoba,38.322679,-4.626146
Córdoba,38.394097,-4.999135
Córdoba,38.198487,-5.151777
Córdoba,38.454814,-4.983968
Córdoba,38.075449,-5.015833
Córdoba,38.483686,-4.955205
Córdoba,37.543382,-4.314848
Granada,37.030086,-3.829795
Granada,37.581315,-3.244323
Granada,37.228916,-3.650166
Granada,36.827452,-3.212493
Granada,37.227313,-3.134103
Granada,36.791576,-3.202699
Granada,36.928242,-3.628091
Granada,37.159860,-3.071993
Granada,37.237256,-3.565893
Granada,37.325791,-4.155662
Granada,37.004723,-3.989410
Granada,37.108204,-3.643037
Granada,37.609176,-3.138016
Granada,36.902428,-3.300130
Granada,36.735689,-3.697169
Granada,36.982483,-3.155946
Granada,37.179932,-3.114996
Granada,36.958139,-3.893595
Granada,37.144841,-3.621270
Granada,37.220871,-3.691294
Granada,37.488498,-2.773484
Granada,37.218868,-3.480720
Granada,37.279813,-3.205855
Granada,37.351599,-3.163817
Granada,37.427879,-3.683163
Granada,37.607633,-2.701921
Granada,36.974446,-3.191147
Granada,36.948922,-3.355294
Granada,36.937826,-3.293932
Granada,37.059221,-3.915746
Granada,36.945012,-3.179024
Granada,37.130964,-3.569971
Granada,37.180948,-3.062998
Granada,37.273153,-3.619165
Granada,37.482540,-3.617924
Granada,36.926250,-3.427590
Granada,37.436447,-2.723643
Granada,36.961374,-3.359281
Granada,36.922994,-3.408891
Granada,36.931246,-3.254039
Granada,37.717944,-2.642456
Granada,37.796422,-2.780551
Granada,37.161076,-3.539527
Granada,37.197107,-3.774796
Granada,37.131041,-3.822115
Granada,37.146366,-3.642134
Granada,37.198001,-3.811109
Granada,37.225009,-3.160038
Granada,37.275828,-3.572052
Granada,37.370732,-3.713244
Granada,37.654349,-2.769855
Granada,37.303659,-3.220931
Granada,37.607270,-2.929712
Granada,37.585096,-2.577663
Granada,37.155903,-3.672920
Granada,37.349038,-3.292713
Granada,37.589221,-3.104597
Granada,37.474043,-3.551398
Granada,37.326003,-3.594422
Granada,37.320442,-3.333050
Granada,37.073087,-3.600216
Granada,37.179423,-2.990917
Granada,37.496780,-3.508974
Granada,37.186193,-3.483782
Granada,36.987721,-3.565782
Granada,37.062370,-3.761785
Granada,37.172632,-3.035208
Granada,37.412939,-3.175703
Granada,37.528959,-2.907832
Granada,37.219235,-3.781910
Granada,37.133956,-3.669168
Granada,37.743234,-2.551498
Granada,37.477432,-3.321171
Granada,37.105131,-3.601228
Granada,37.369470,-2.970421
Granada,37.478986,-3.041934
Granada,37.179937,-3.603489
Granada,37.557303,-3.399143
Granada,37.299432,-3.137783
Granada,36.841019,-3.583913
Granada,36.724169,-3.357781
Granada,37.159422,-3.439771
Granada,37.257362,-3.596672
Granada,37.420179,-3.262759
Granada,37.176069,-2.949747
Granada,37.808859,-2.542583
Granada,37.222414,-3.514935
Granada,37.197567,-4.047580
Granada,37.148494,-3.568207
Granada,37.286919,-3.878936
Granada,36.799310,-3.639706
Granada,37.393801,-3.526840
Granada,36.935456,-3.910665
Granada,36.949134,-3.821973
Granada,37.184022,-3.159459
Granada,36.796038,-3.668152
Granada,37.220025,-3.593065
Granada,36.948890,-3.224512
Granada,37.194805,-3.832257
Granada,36.918663,-3.482453
Granada,37.169595,-3.137975
Granada,36.947469,-3.551854
Granada,36.835337,-3.674387
Granada,36.928990,-3.212635
Granada,37.168307,-4.150467
Granada,37.230072,-3.240852
Granada,36.787171,-3.403798
Granada,37.099180,-3.721871
Granada,37.207383,-3.636042
Granada,37.296800,-3.202760
Granada,37.340083,-3.786036
Granada,36.786211,-3.608938
Granada,37.131845,-3.538852
Granada,37.323208,-4.006818
Granada,37.572454,-3.502798
Granada,37.501107,-3.673367
Granada,37.169925,-3.964689
Granada,37.439455,-3.329823
Granada,36.746959,-3.516763
Granada,36.886626,-3.109304
Granada,37.008858,-3.013240
Granada,36.979501,-3.539107
Granada,37.257782,-3.573020
Granada,37.121402,-3.614801
Granada,37.721041,-2.479255
Granada,36.900622,-3.422117
Granada,36.815726,-3.679886
Granada,37.024647,-3.627913
Granada,36.940325,-3.360744
Granada,37.502941,-3.229995
Granada,37.228619,-3.630239
Granada,37.276705,-3.285043
Granada,37.443373,-3.439517
Granada,36.895022,-3.526463
Granada,37.162963,-3.504331
Granada,37.252366,-3.752669
Granada,37.257681,-3.233530
Granada,36.746941,-3.278132
Granada,36.941766,-3.310832
Granada,37.958149,-2.435575
Granada,37.223302,-3.606876
Granada,37.317144,-3.188610
Granada,37.192935,-3.465460
Granada,36.809360,-3.348366
Granada,37.149715,-4.065713
Granada,36.744731,-3.585703
Granada,37.061646,-3.975769
Granada,37.189228,-3.718267
Granada,36.928009,-3.404798
Granada,36.794787,-3.266776
Granada,36.936036,-3.325805
Granada,37.504507,-3.355632
Granada,36.878982,-3.298823
Granada,37.000699,-3.266022
Granada,36.864420,-3.057025
Granada,36.963687,-3.052779
Granada,37.235062,-3.820238
Granada,36.929117,-3.581793
Granada,37.259209,-3.098412
Granada,36.996122,-3.082321
Granada,37.172928,-3.667192
Granada,36.833175,-3.514473
Granada,37.068440,-3.819271
Granada,37.083578,-3.630909
Granada,36.990101,-3.590112
Granada,37.557487,-3.090387
Granada,37.214846,-4.013191
Granada,37.232210,-3.554566
Granada,36.974529,-4.145176
Granada,37.255493,-4.169499
Granada,37.117076,-3.585393
Granada,37.540038,-2.843329
Huelva,37.874472,-6.663982
Huelva,37.267699,-7.027919
Huelva,37.507280,-7.269627
Huelva,37.873019,-6.788181
Huelva,37.260880,-6.517169
Huelva,37.548134,-7.116282
Huelva,37.891240,-6.565744
Huelva,37.944102,-6.953385
Huelva,38.024422,-6.421929
Huelva,37.215854,-7.402651
Huelva,37.427106,-6.793604
Huelva,37.608144,-6.541857
Huelva,37.341082,-6.539874
Huelva,37.322510,-6.681195
Huelva,37.726552,-7.087281
Huelva,37.971079,-6.316939
Huelva,37.653298,-6.878711
Huelva,37.693706,-6.629030
Huelva,37.766363,-6.575544
Huelva,38.014190,-6.528103
Huelva,37.284054,-7.150904
Huelva,37.895291,-6.704677
Huelva,37.734005,-6.937945
Huelva,37.362819,-6.393219
Huelva,37.895591,-6.505641
Huelva,37.911242,-6.821473
Huelva,37.935278,-6.625101
Huelva,38.072854,-6.692962
Huelva,38.077576,-6.742270
Huelva,38.061622,-6.644602
Huelva,38.137019,-6.871445
Huelva,37.408110,-6.389057
Huelva,37.903329,-6.661626
Huelva,37.926567,-6.708210
Huelva,37.376330,-6.967935
Huelva,37.768744,-6.508717
Huelva,37.520923,-7.417229
Huelva,37.835876,-6.447412
Huelva,38.007737,-6.588433
Huelva,37.290620,-6.380632
Huelva,37.266331,-6.940375
Huelva,37.199053,-7.320091
Huelva,37.916661,-6.728289
Huelva,37.257213,-7.202126
Huelva,37.879937,-6.621284
Huelva,37.304554,-6.729767
Huelva,37.389175,-6.433384
Huelva,37.903264,-6.621895
Huelva,37.693829,-6.595142
Huelva,37.275086,-6.835615
Huelva,37.963412,-6.745789
Huelva,37.694934,-6.547241
Huelva,37.362308,-6.681714
Huelva,37.387761,-6.553824
Huelva,37.227137,-6.895956
Huelva,37.419713,-6.403304
Huelva,37.740431,-7.343905
Huelva,37.613136,-7.248685
Huelva,37.892105,-6.478590
Huelva,37.184670,-6.969702
Huelva,37.307063,-6.597170
Huelva,37.967022,-7.220649
Huelva,37.444977,-7.104419
Huelva,37.315962,-6.840417
Huelva,37.388418,-7.348463
Huelva,37.472837,-7.466291
Huelva,37.864339,-6.724334
Huelva,37.796590,-7.189300
Huelva,37.906751,-6.228204
Huelva,37.383430,-6.834220
Huelva,37.950619,-6.683516
Huelva,37.572375,-6.753387
Huelva,37.303299,-7.342910
Huelva,37.397209,-6.475800
Huelva,37.628060,-7.024112
Huelva,37.499178,-7.271523
Huelva,37.387921,-6.606401
Huelva,37.679135,-6.659700
Huelva,37.833460,-6.341562
Jaén,37.791988,-3.466631
Jaén,37.459525,-3.924561
Jaén,37.588964,-4.081827
Jaén,38.411603,-3.371801
Jaén,38.039392,-4.049229
Jaén,37.936004,-4.059253
Jaén,37.974307,-4.107620
Jaén,38.180941,-3.428968
Jaén,38.320459,-2.896303
Jaén,37.996055,-3.470211
Jaén,38.095673,-3.773915
Jaén,38.174929,-3.773930
Jaén,38.252586,-2.889691
Jaén,37.823528,-3.413632
Jaén,37.984752,-3.530583
Jaén,37.723659,-3.382193
Jaén,38.352494,-2.651312
Jaén,37.704229,-3.287271
Jaén,37.677752,-3.565577
Jaén,37.555511,-3.634283
Jaén,38.047752,-3.482836
Jaén,38.230104,-3.631169
Jaén,37.637452,-3.640014
Jaén,38.275616,-3.613667
Jaén,38.253362,-3.131505
Jaén,37.527729,-3.942397
Jaén,37.984263,-3.882336
Jaén,37.914277,-3.002901
Jaén,38.311553,-3.044314
Jaén,38.000570,-3.031767
Jaén,37.878368,-4.032886
Jaén,38.031932,-3.862390
Jaén,37.486683,-3.837146
Jaén,37.647058,-3.909892
Jaén,37.874332,-3.883206
Jaén,38.430339,-2.733179
Jaén,37.743273,-3.693837
Jaén,38.183165,-3.686666
Jaén,37.797813,-4.157633
Jaén,37.715307,-2.998589
Jaén,38.216501,-2.718311
Jaén,37.647664,-3.455730
Jaén,37.764044,-3.078136
Jaén,38.020940,-3.502252
Jaén,37.920957,-2.992595
Jaén,38.156031,-3.032623
Jaén,38.019492,-3.727424
Jaén,37.779903,-3.789780
Jaén,37.747259,-3.913057
Jaén,37.841834,-3.477827
Jaén,37.839404,-3.351942
Jaén,37.971089,-3.990408
Jaén,37.760010,-3.201873
Jaén,38.095888,-3.631271
Jaén,37.946439,-4.215006
Jaén,37.997390,-3.546090
Jaén,37.788528,-3.608665
Jaén,38.045208,-4.170736
Jaén,37.714302,-3.971247
Jaén,37.972418,-3.803094
Jaén,38.342542,-3.103354
Jaén,38.183773,-3.315419
Jaén,37.529166,-3.654334
Jaén,38.318689,-2.664738
Jaén,37.913688,-3.120639
Jaén,37.739773,-3.646528
Jaén,37.870810,-4.183526
Jaén,37.702554,-2.935002
Jaén,38.354890,-2.802374
Jaén,38.351997,-2.738973
Jaén,37.843467,-3.067563
Jaén,38.046813,-3.460640
Jaén,38.067659,-3.312136
Jaén,38.341424,-3.539430
Jaén,37.753866,-4.170052
Jaén,38.110877,-2.552870
Jaén,38.250904,-3.203165
Jaén,38.027398,-3.101814
Jaén,38.298167,-2.651544
Jaén,38.387568,-2.582630
Jaén,38.241821,-3.053718
Jaén,37.996788,-3.638786
Jaén,37.773484,-3.895886
Jaén,37.763827,-3.950541
Jaén,38.036537,-3.290589
Jaén,37.785073,-3.508517
Jaén,38.415038,-2.677345
Jaén,38.016013,-3.372181
Jaén,37.590307,-3.816649
Jaén,38.210848,-3.512366
Jaén,38.115453,-3.084562
Jaén,38.004960,-3.916047
Jaén,38.171000,-3.004136
Jaén,37.838464,-4.001985
Jaén,37.690518,-3.816409
Jaén,38.487688,-2.636703
Jaén,37.939046,-3.729332
Málaga,37.207992,-4.656062
Málaga,36.902661,-4.116201
Málaga,36.994387,-4.259470
Málaga,36.978975,-4.272501
Málaga,36.773505,-4.039140
Málaga,36.573413,-5.275679
Málaga,36.660343,-4.564589
Málaga,36.642756,-4.687068
Málaga,36.808439,-4.216780
Málaga,37.002463,-5.023432
Málaga,36.828928,-4.541215
Málaga,36.826420,-4.704774
Málaga,36.727184,-4.858297
Málaga,36.633828,-5.202639
Málaga,37.020380,-4.563202
Málaga,36.838693,-3.990576
Málaga,37.096179,-4.381548
Málaga,36.878499,-4.845518
Málaga,36.815953,-4.044343
Málaga,36.797356,-5.139444
Málaga,36.640186,-5.245017
Málaga,36.606431,-5.269072
Málaga,36.522369,-5.044933
Málaga,36.594079,-5.260841
Málaga,36.595611,-4.569569
Málaga,36.834706,-4.193657
Málaga,36.791298,-4.161490
Málaga,36.720555,-5.251267
Málaga,36.550847,-5.275974
Málaga,36.814599,-4.235061
Málaga,36.790595,-4.948756
Málaga,37.047279,-4.863980
Málaga,36.953338,-5.025370
Málaga,36.874198,-4.084381
Málaga,36.845837,-3.986236
Málaga,36.853268,-4.820903
Málaga,36.646026,-5.154338
Málaga,36.712141,-4.630902
Málaga,36.894381,-4.430325
Málaga,36.786195,-4.842177
Málaga,36.444534,-5.271717
Málaga,36.660180,-4.757226
Málaga,36.904684,-4.338291
Málaga,36.849130,-4.248290
Málaga,36.833737,-3.974218
Málaga,36.617690,-5.340961
Málaga,37.234229,-4.486434
Málaga,37.266896,-4.412259
Málaga,36.874587,-5.045548
Málaga,36.831076,-4.228258
Málaga,36.424900,-5.154538
Málaga,36.616273,-5.187780
Málaga,36.789369,-3.896319
Málaga,36.552193,-4.617738
Málaga,37.134826,-4.728162
Málaga,36.519130,-5.319007
Málaga,36.545387,-5.235348
Málaga,36.656816,-4.835200
Málaga,37.113789,-4.699184
Málaga,36.631217,-5.120886
Málaga,36.581751,-4.948712
Málaga,36.775860,-4.184332
Málaga,36.651233,-5.274570
Málaga,36.564981,-5.215873
Málaga,36.624703,-5.170296
Málaga,36.762435,-4.213790
Málaga,36.717443,-4.441832
Málaga,36.376929,-5.252514
Málaga,36.515015,-4.905435
Málaga,36.595452,-4.638164
Málaga,36.771388,-4.255007
Málaga,37.123255,-4.659107
Málaga,36.629763,-4.831708
Málaga,36.815296,-5.297906
Málaga,36.735967,-5.250392
Málaga,36.754439,-3.872662
Málaga,36.564843,-4.855764
Málaga,36.656318,-5.129477
Málaga,36.928504,-4.190446
Málaga,36.765264,-4.708305
Málaga,36.612500,-5.150108
Málaga,36.718882,-4.281269
Málaga,36.917274,-4.292160
Málaga,36.747498,-5.158998
Málaga,36.854346,-4.024738
Málaga,36.798120,-4.013172
Málaga,36.862122,-4.034275
Málaga,36.885337,-4.981825
Málaga,37.125477,-4.866847
Málaga,36.983308,-4.919152
Málaga,36.686186,-4.904253
Málaga,36.623633,-4.503762
Málaga,36.755671,-3.953876
Málaga,36.765203,-4.297325
Málaga,36.932018,-4.682397
Málaga,36.776074,-4.101341
Málaga,37.183350,-4.449702
Málaga,36.930910,-4.530953
Málaga,37.182617,-4.335217
Málaga,36.999848,-4.367048
Málaga,37.027080,-4.337590
Málaga,36.863900,-4.142434
Málaga,36.734467,-4.920845
Sevilla,37.253584,-4.990583
Sevilla,38.038131,-5.712904
Sevilla,37.424127,-6.164826
Sevilla,37.335088,-5.844257
Sevilla,37.517128,-5.983124
Sevilla,37.615951,-5.667004
Sevilla,37.462885,-6.011348
Sevilla,37.016275,-5.147952
Sevilla,37.873200,-6.082265
Sevilla,37.311208,-6.109077
Sevilla,37.260740,-5.546353
Sevilla,37.305629,-6.246371
Sevilla,37.519368,-6.268946
Sevilla,37.305936,-4.673131
Sevilla,37.353973,-6.196656
Sevilla,37.339149,-6.139214
Sevilla,37.369678,-6.072751
Sevilla,37.548144,-5.872933
Sevilla,37.586236,-5.969525
Sevilla,36.983531,-5.938378
Sevilla,37.396313,-6.034646
Sevilla,37.570339,-5.429001
Sevilla,37.596534,-5.206808
Sevilla,37.611482,-5.823584
Sevilla,37.471506,-5.647919
Sevilla,37.369893,-6.330005
Sevilla,37.293128,-4.759603
Sevilla,37.675403,-5.988356
Sevilla,37.409339,-6.056463
Sevilla,37.385840,-6.056397
Sevilla,37.386729,-6.336523
Sevilla,37.692930,-6.315526
Sevilla,37.933926,-5.759041
Sevilla,37.871922,-5.620021
Sevilla,37.288179,-6.055230
Sevilla,36.972960,-5.440216
Sevilla,37.079256,-5.633861
Sevilla,37.099878,-4.984184
Sevilla,36.854020,-6.037785
Sevilla,37.279425,-5.928536
Sevilla,37.541448,-5.082330
Sevilla,37.381608,-6.125565
Sevilla,37.292362,-4.878871
Sevilla,37.465825,-5.346302
Sevilla,37.625881,-6.173283
Sevilla,37.333708,-6.028544
Sevilla,37.532018,-6.155297
Sevilla,37.250854,-4.917727
Sevilla,37.386437,-6.077459
Sevilla,38.091686,-5.816807
Sevilla,37.544321,-6.056060
Sevilla,37.362554,-4.846650
Sevilla,37.354706,-6.280833
Sevilla,37.131633,-6.165319
Sevilla,37.353209,-5.224379
Sevilla,36.920891,-6.076348
Sevilla,37.268904,-4.827613
Sevilla,37.657575,-5.526992
Sevilla,37.527855,-5.248411
Sevilla,37.645168,-6.510885
Sevilla,37.373272,-5.748437
Sevilla,37.346155,-6.052636
Sevilla,37.327377,-5.416283
Sevilla,37.372707,-4.955759
Sevilla,37.109093,-4.961825
Sevilla,37.156406,-5.720124
Sevilla,36.993201,-5.572005
Sevilla,37.124768,-5.454170
Sevilla,37.932459,-5.465406
Sevilla,37.418060,-6.156331
Sevilla,37.237814,-5.106342
Sevilla,37.163346,-5.927424
Sevilla,37.318096,-6.067234
Sevilla,37.288421,-5.495371
Sevilla,37.226418,-4.895615
Sevilla,37.840828,-5.765046
Sevilla,37.709569,-5.345624
Sevilla,37.303424,-6.303411
Sevilla,36.972912,-5.221949
Sevilla,37.222386,-5.313756
Sevilla,37.781618,-5.388610
Sevilla,37.266277,-6.067204
Sevilla,37.948807,-6.154743
Sevilla,37.485970,-5.981041
Sevilla,37.201111,-4.779028
Sevilla,37.726386,-6.176508
Sevilla,37.354147,-4.990473
Sevilla,37.419332,-6.111763
Sevilla,37.361616,-6.031742
Sevilla,37.993757,-5.650001
Sevilla,37.385542,-6.199911
Sevilla,37.439733,-6.043495
Sevilla,37.070729,-5.095495
Sevilla,37.385982,-5.967721
Sevilla,37.608590,-5.734628
Sevilla,37.372122,-6.046484
Sevilla,37.369121,-6.159612
Sevilla,37.186870,-5.781102
Sevilla,37.415003,-6.075425
Sevilla,37.245121,-6.306414
Sevilla,37.050947,-5.175184
Sevilla,37.396825,-6.143068
Sevilla,37.655276,-5.714665
Sevilla,37.592418,-5.874383
Sevilla,37.392600,-5.718386
