Provincia, PoblacionTotal,Hombres,Mujeres,Mayores20,Mayores65,IncrPoblacion,Extranjeros,Nacimientos,Defunciones,MatrimoniosDistintoSexo,VehiculosParticulares
Almería,1294,0.51,0.49,14.14,26.43,-14.02,0.07,0.00,0.01,3,671
Almería,1208,0.51,0.49,13,25.75,-9.78,0.06,0.00,0.01,3,711
Almería,24713,0.51,0.49,22.55,13.34,4.96,0.12,0.01,0.01,79,10361
Almería,796,0.51,0.49,12.31,40.33,20.61,0.38,0.01,0.01,1,409
Almería,613,0.49,0.51,9.14,33.61,-15.68,0.01,0.00,0.02,0,288
Almería,11144,0.51,0.49,19.74,19.49,1.31,0.26,0.01,0.01,26,6028
Almería,815,0.53,0.47,12.39,25.03,-15.72,0.01,0.00,0.01,0,370
Almería,572,0.55,0.45,10.49,31.12,-7.29,0.07,0.00,0.00,1,352
Almería,158,0.47,0.53,6.96,28.48,11.27,0.01,0.00,0.00,0,92
Almería,677,0.52,0.48,15.95,20.24,-3.7,0.03,0.02,0.03,4,361
Almería,3687,0.50,0.50,20.99,18.52,4.69,0.08,0.01,0.01,18,1751
Almería,217,0.51,0.49,15.67,25.35,-15.89,0.00,0.01,0.01,0,102
Almería,194515,0.49,0.51,22.09,15.22,4.97,0.10,0.01,0.01,636,85741
Almería,172,0.48,0.52,9.88,30.23,10.26,0.05,0.01,0.02,1,74
Almería,134,0.56,0.44,6.72,30.6,2.29,0.03,0.00,0.01,0,53
Almería,3159,0.50,0.50,20.73,18.33,0.06,0.18,0.01,0.01,9,1955
Almería,4538,0.50,0.50,11.26,40.41,33.39,0.66,0.00,0.01,4,2343
Almería,326,0.49,0.51,14.42,26.07,1.56,0.04,0.01,0.03,3,166
Almería,272,0.51,0.49,9.56,35.29,-6.21,0.01,0.00,0.02,0,129
Almería,2678,0.52,0.48,22.96,11.2,-,0.20,0.00,0.00,0,-
Almería,323,0.55,0.45,9.91,24.46,16.61,0.05,0.00,0.02,0,154
Almería,220,0.51,0.49,12.27,32.27,-7.17,0.06,0.00,0.01,0,121
Almería,885,0.49,0.51,11.3,36.95,7.4,0.55,0.01,0.01,3,525
Almería,114,0.48,0.52,3.51,44.74,-10.94,0.00,0.00,0.01,0,70
Almería,4185,0.50,0.50,24.68,11.4,23.23,0.05,0.01,0.01,19,1946
Almería,69,0.58,0.42,0,46.38,4.55,0.00,0.00,0.01,0,25
Almería,280,0.53,0.47,9.29,29.29,-5.09,0.07,0.00,0.01,0,143
Almería,252,0.57,0.43,11.11,25.79,-11.27,0.02,0.01,0.01,0,128
Almería,12380,0.50,0.50,22.13,14.66,-14.33,0.11,0.01,0.01,35,6896
Almería,1279,0.52,0.48,12.28,31.04,-18.07,0.02,0.00,0.02,3,616
Almería,3371,0.51,0.49,14.83,29.07,-8.97,0.19,0.01,0.01,8,1912
Almería,7818,0.51,0.49,21.63,13.62,4.13,0.11,0.01,0.01,26,3635
Almería,139,0.47,0.53,5.76,32.37,-10.32,0.05,0.01,0.00,0,54
Almería,267,0.52,0.48,14.98,27.72,-11,0.04,0.01,0.01,2,150
Almería,1601,0.51,0.49,12.8,35.35,-13.22,0.08,0.00,0.02,4,1046
Almería,169,0.59,0.41,7.1,36.69,-11.98,0.04,0.01,0.01,0,79
Almería,13362,0.52,0.48,22.99,15.32,16.98,0.22,0.01,0.01,36,7128
Almería,3978,0.49,0.51,20.19,18.95,4.49,0.06,0.01,0.01,12,1790
Almería,88752,0.53,0.47,24.99,8.44,16.83,0.34,0.01,0.00,181,37578
Almería,433,0.55,0.45,9.93,24.02,29.25,0.19,0.00,0.01,1,210
Almería,658,0.57,0.43,12.46,22.49,28.27,0.07,0.01,0.01,0,337
Almería,2070,0.51,0.49,15.36,24.01,-14.53,0.03,0.00,0.01,5,1053
Almería,2079,0.52,0.48,19.29,14.77,-1.28,0.10,0.01,0.01,16,1155
Almería,1017,0.52,0.48,13.57,24.19,7.05,0.03,0.00,0.01,4,455
Almería,3030,0.52,0.48,21.95,16.07,2.4,0.08,0.01,0.01,8,1365
Almería,2867,0.51,0.49,16.43,28.88,-8.29,0.37,0.01,0.01,11,1639
Almería,8655,0.52,0.48,23.65,12.05,16.99,0.22,0.01,0.01,22,3510
Almería,1037,0.54,0.46,14.56,26.33,-0.48,0.12,0.01,0.02,7,500
Almería,513,0.48,0.52,16.37,24.95,-3.75,0.02,0.01,0.01,1,244
Almería,17068,0.51,0.49,28.56,6.07,44.45,0.03,0.01,0.00,68,8154
Almería,18589,0.50,0.50,21.91,17.64,14.96,0.17,0.01,0.01,45,9399
Almería,386,0.53,0.47,9.33,29.02,-5.85,0.02,0.00,0.02,0,203
Almería,444,0.49,0.51,13.96,30.18,-12.6,0.04,0.00,0.03,1,220
Almería,176,0.57,0.43,17.61,17.61,37.5,0.03,0.00,0.00,1,81
Almería,1551,0.50,0.50,16.7,23.98,-13.74,0.01,0.01,0.01,3,753
Almería,411,0.52,0.48,12.41,28.95,-17.47,0.05,0.00,0.01,0,255
Almería,1484,0.49,0.51,12.26,37.6,-14.37,0.19,0.01,0.02,1,772
Almería,569,0.53,0.47,11.6,29.35,-15.83,0.11,0.00,0.02,0,309
Almería,754,0.49,0.51,17.24,25.07,-6.45,0.05,0.01,0.02,2,427
Almería,5628,0.51,0.49,19.58,16.54,-7.05,0.04,0.01,0.01,20,3047
Almería,1294,0.51,0.49,13.29,29.37,-15.54,0.04,0.01,0.01,4,943
Almería,6490,0.50,0.50,14.1,27.4,1.31,0.49,0.01,0.01,20,4357
Almería,8740,0.55,0.45,26.08,7.91,11.38,0.38,0.01,0.01,19,4579
Almería,483,0.50,0.50,10.77,26.29,6.86,0.17,0.00,0.02,0,264
Almería,28579,0.54,0.46,25.07,9.71,9.62,0.40,0.02,0.01,92,14590
Almería,651,0.49,0.51,10.75,31.34,-14.9,0.02,0.01,0.02,3,267
Almería,194,0.54,0.46,4.64,34.54,1.57,0.04,0.00,0.01,0,91
Almería,6216,0.52,0.48,21.59,15.14,-2.95,0.07,0.01,0.01,20,3313
Almería,2330,0.52,0.48,11.67,30.9,-11.03,0.23,0.00,0.02,4,1423
Almería,449,0.51,0.49,10.02,35.19,-14.15,0.03,0.00,0.01,1,208
Almería,915,0.49,0.51,9.29,39.02,34.76,0.62,0.00,0.01,1,446
Almería,372,0.58,0.42,9.95,31.99,-8.37,0.03,0.00,0.01,1,193
Almería,3900,0.51,0.49,23.33,11.69,12.62,0.08,0.01,0.01,23,1758
Almería,8909,0.52,0.48,23.19,13.12,18.2,0.26,0.01,0.01,29,4826
Almería,1638,0.52,0.48,19.41,19.47,-0.91,0.06,0.01,0.01,6,799
Almería,316,0.53,0.47,8.54,33.86,-13.42,0.00,0.00,0.02,0,124
Almería,1356,0.50,0.50,19.84,14.75,-0.51,0.04,0.01,0.02,6,710
Almería,91965,0.51,0.49,24.78,8.29,28.19,0.27,0.01,0.00,305,38537
Almería,241,0.52,0.48,9.13,31.54,-1.63,0.04,0.00,0.01,0,128
Almería,431,0.50,0.50,12.99,25.75,-7.91,0.08,0.01,0.02,1,188
Almería,322,0.53,0.47,6.83,34.47,-2.72,0.04,0.00,0.01,2,198
Almería,2135,0.51,0.49,15.27,27.49,-11.85,0.04,0.01,0.02,2,1174
Almería,401,0.53,0.47,12.97,24.69,-15.04,0.05,0.00,0.02,1,207
Almería,477,0.49,0.51,13.84,27.25,-9.83,0.07,0.01,0.02,2,254
Almería,2541,0.52,0.48,17.51,25.46,-10.4,0.18,0.01,0.02,5,1490
Almería,235,0.55,0.45,13.62,21.28,-7.12,0.15,0.00,0.01,0,127
Almería,3654,0.52,0.48,17.82,18.42,4.58,0.22,0.01,0.01,5,1863
Almería,972,0.49,0.51,13.17,31.89,-12.12,0.14,0.00,0.02,2,522
Almería,362,0.52,0.48,11.05,30.11,-12.98,0.13,0.00,0.01,1,245
Almería,395,0.50,0.50,9.87,33.16,-10.23,0.08,0.00,0.02,1,222
Almería,3676,0.49,0.51,21.71,18.63,-5.18,0.04,0.01,0.01,4,1910
Almería,625,0.52,0.48,9.12,29.76,7.57,0.05,0.01,0.02,0,302
Almería,3351,0.51,0.49,19.87,23.04,10.05,0.31,0.01,0.01,11,1817
Almería,238,0.57,0.43,8.82,28.15,-4.42,0.11,0.00,0.01,2,132
Almería,871,0.50,0.50,14.01,27.67,-13.16,0.08,0.01,0.02,7,485
Almería,327,0.50,0.50,11.31,26.3,-5.76,0.13,0.00,0.02,0,189
Almería,256,0.54,0.46,3.13,38.28,2.4,0.01,0.00,0.02,1,135
Almería,1984,0.52,0.48,13.71,28.48,-8.36,0.14,0.01,0.01,5,1149
Almería,6692,0.49,0.51,17.56,23.66,-4.74,0.12,0.01,0.01,15,3618
Almería,15168,0.51,0.49,25.85,12.28,35.93,0.23,0.01,0.01,38,6612
Almería,5699,0.52,0.48,23.04,9.97,32.91,0.05,0.01,0.01,20,2714
Almería,24957,0.53,0.47,25.36,8.02,23.43,0.29,0.01,0.01,84,11246
Almería,2939,0.50,0.50,13.71,32.63,19.42,0.39,0.00,0.01,6,1723
Cádiz,5316,0.51,0.49,20.6,15.56,-5.91,0.01,0.01,0.01,14,2259
Cádiz,5174,0.51,0.49,19.21,17.49,-3.87,0.01,0.01,0.01,17,2240
Cádiz,1429,0.51,0.49,17.28,21.62,-11.41,0.01,0.01,0.01,7,758
Cádiz,120601,0.49,0.51,23.4,14.72,6.79,0.07,0.01,0.01,445,56106
Cádiz,5650,0.51,0.49,19.56,19.72,-0.98,0.02,0.01,0.01,15,2159
Cádiz,31114,0.50,0.50,22.47,14.32,4.04,0.02,0.01,0.01,119,13044
Cádiz,22720,0.50,0.50,21.05,15.55,0.52,0.03,0.01,0.01,59,8310
Cádiz,23316,0.50,0.50,24.16,11.64,11.71,0.04,0.01,0.01,109,11247
Cádiz,7003,0.51,0.49,21.95,12.82,2.01,0.02,0.01,0.01,31,2964
Cádiz,694,0.53,0.47,13.54,17.44,-3.61,0.02,0.01,0.00,0,318
Cádiz,7864,0.50,0.50,20.43,15.68,-3.39,0.01,0.01,0.01,30,3413
Cádiz,2114,0.50,0.50,20.72,14.95,4.45,0.02,0.01,0.01,10,1000
Cádiz,118919,0.47,0.53,16.45,22.15,-8.92,0.02,0.01,0.01,373,44663
Cádiz,3050,0.50,0.50,22.3,12.79,3.64,0.05,0.01,0.01,11,1602
Cádiz,82645,0.50,0.50,23.99,12.17,14.21,0.03,0.01,0.01,327,34306
Cádiz,19095,0.50,0.50,22.49,14.14,6.37,0.03,0.01,0.01,61,7200
Cádiz,22297,0.50,0.50,21.63,14.52,12.1,0.06,0.01,0.01,95,9734
Cádiz,3912,0.50,0.50,19.45,17.41,-0.94,0.01,0.01,0.01,14,1564
Cádiz,1783,0.52,0.48,17.05,20.47,-6.16,0.03,0.01,0.01,2,832
Cádiz,2144,0.50,0.50,17.07,19.82,-4.41,0.01,0.01,0.01,3,931
Cádiz,212830,0.49,0.51,22.68,14.97,6.66,0.02,0.01,0.01,833,96576
Cádiz,9756,0.51,0.49,21.23,16.77,-1.39,0.15,0.01,0.01,39,4647
Cádiz,63278,0.49,0.51,21.69,16.33,0.4,0.06,0.01,0.01,216,28461
Cádiz,11756,0.51,0.49,21.61,14.64,5.28,0.02,0.01,0.01,47,4775
Cádiz,8233,0.49,0.51,19.57,21.06,-4.4,0.02,0.01,0.01,29,3427
Cádiz,5570,0.52,0.48,23.32,13.57,2.33,0.01,0.01,0.01,18,2242
Cádiz,5767,0.50,0.50,19.47,16.61,-3.79,0.01,0.01,0.01,17,2640
Cádiz,88184,0.49,0.51,22.82,13.92,6.12,0.03,0.01,0.01,354,39536
Cádiz,41467,0.50,0.50,21.89,12.55,8.12,0.02,0.01,0.01,158,16761
Cádiz,7111,0.51,0.49,25.93,12.08,2.17,0.01,0.01,0.01,25,2714
Cádiz,29030,0.50,0.50,21.06,14.5,6.45,0.04,0.01,0.01,121,15542
Cádiz,95949,0.49,0.51,21.95,14.76,2.57,0.01,0.01,0.01,351,38626
Cádiz,4442,0.51,0.49,20.33,17.09,4.67,0.01,0.01,0.01,11,1796
Cádiz,29575,0.50,0.50,23.22,14.11,11.31,0.11,0.01,0.01,98,16946
Cádiz,67620,0.50,0.50,21.89,13.81,6.47,0.01,0.01,0.01,249,26494
Cádiz,2809,0.51,0.49,19.9,19.76,-7.08,0.01,0.01,0.01,3,1247
Cádiz,18116,0.51,0.49,19.63,15.33,3.65,0.09,0.01,0.01,66,6939
Cádiz,795,0.50,0.50,15.47,22.89,-9.04,0.00,0.01,0.02,1,358
Cádiz,7056,0.50,0.50,20.95,16.75,2.1,0.02,0.01,0.01,26,2916
Cádiz,16766,0.49,0.51,19.32,17.59,-2.55,0.01,0.01,0.01,66,7168
Cádiz,12788,0.50,0.50,21.32,16.24,-0.1,0.04,0.01,0.01,52,5790
Cádiz,457,0.53,0.47,15.75,20.13,-4.99,0.00,0.00,0.01,2,158
Cádiz,12267,0.50,0.50,22.11,14.74,-0.2,0.01,0.01,0.01,42,5233
Cádiz,1427,0.51,0.49,18.22,22.49,-8.05,0.01,0.01,0.01,7,665
Córdoba,4270,0.51,0.49,17.96,19.79,-4.6,0.02,0.01,0.01,9,2015
Córdoba,13511,0.50,0.50,20.19,17.59,-1.07,0.02,0.01,0.01,44,5578
Córdoba,1495,0.48,0.52,16.45,27.63,0.67,0.02,0.01,0.02,2,728
Córdoba,2431,0.50,0.50,17.98,23.53,-4.14,0.04,0.01,0.01,11,1242
Córdoba,7948,0.50,0.50,21.99,17.02,6.16,0.01,0.01,0.01,30,3735
Córdoba,1558,0.49,0.51,17.46,24.01,1.57,0.01,0.00,0.01,3,677
Córdoba,19782,0.51,0.49,21.65,15.86,-3.54,0.05,0.01,0.01,68,7634
Córdoba,3391,0.48,0.52,17.52,26.48,-4.93,0.01,0.01,0.02,9,1604
Córdoba,3062,0.49,0.51,12.83,27.01,-7.97,0.01,0.01,0.02,11,1447
Córdoba,5035,0.50,0.50,22.05,17.2,-0.73,0.02,0.01,0.01,22,1906
Córdoba,695,0.52,0.48,18.13,24.75,0.58,0.03,0.01,0.01,2,371
Córdoba,7638,0.50,0.50,20.27,19.25,-2.48,0.02,0.01,0.01,28,3318
Córdoba,20704,0.49,0.51,19.32,19.65,-1.1,0.03,0.01,0.01,57,8537
Córdoba,2992,0.51,0.49,14.97,23.09,-6.82,0.02,0.01,0.01,9,1411
Córdoba,2529,0.51,0.49,15.82,23.92,-8.87,0.02,0.00,0.02,7,1118
Córdoba,1552,0.50,0.50,15.27,25.58,-11.31,0.02,0.00,0.02,2,785
Córdoba,13936,0.50,0.50,22.64,15.42,17.05,0.03,0.01,0.01,61,6936
Córdoba,4500,0.50,0.50,19.64,18.89,0.51,0.01,0.01,0.01,12,1991
Córdoba,7917,0.50,0.50,19.14,19.81,-1.95,0.02,0.01,0.01,37,3398
Córdoba,430,0.50,0.50,8.6,33.72,-11.52,0.03,0.00,0.02,2,211
Córdoba,326609,0.48,0.52,20.73,17.77,1.16,0.02,0.01,0.01,1051,145016
Córdoba,4789,0.49,0.51,19.32,20.84,-4.24,0.01,0.01,0.01,14,1645
Córdoba,2453,0.50,0.50,19.28,20.91,-5.36,0.01,0.01,0.01,10,1163
Córdoba,2324,0.50,0.50,19.62,19.58,-4.17,0.01,0.01,0.01,9,1035
Córdoba,3410,0.51,0.49,15.45,26.13,-9.04,0.01,0.01,0.01,15,1598
Córdoba,2487,0.50,0.50,17.33,23.2,2.68,0.02,0.01,0.02,9,1160
Córdoba,9712,0.50,0.50,19.78,18.44,2.21,0.01,0.01,0.01,42,4525
Córdoba,355,0.52,0.48,13.24,25.35,-14.46,0.00,0.00,0.03,1,181
Córdoba,4796,0.51,0.49,14.35,26.27,-11.33,0.01,0.01,0.02,14,2459
Córdoba,10893,0.50,0.50,22.31,15.75,5.19,0.03,0.01,0.01,39,5296
Córdoba,711,0.48,0.52,16.88,25.74,-10.57,0.02,0.00,0.02,0,350
Córdoba,486,0.50,0.50,13.58,27.37,-2.99,0.01,0.00,0.01,2,221
Córdoba,1591,0.50,0.50,20.05,14.33,26.17,0.01,0.01,0.01,14,780
Córdoba,365,0.52,0.48,15.89,36.71,-9.65,0.00,0.02,0.02,0,158
Córdoba,6989,0.49,0.51,16.75,24.8,-7.38,0.01,0.01,0.01,28,3523
Córdoba,4598,0.50,0.50,20.38,17.05,-1.37,0.02,0.01,0.01,12,2518
Córdoba,4461,0.50,0.50,16.41,26.56,-8.3,0.14,0.00,0.01,5,2209
Córdoba,42615,0.50,0.50,23.73,14.36,6.16,0.04,0.01,0.01,190,17842
Córdoba,3071,0.50,0.50,17.1,22.73,-6.74,0.02,0.01,0.01,10,1271
Córdoba,4473,0.50,0.50,18.91,21.46,-3.2,0.01,0.01,0.01,10,2096
Córdoba,3924,0.50,0.50,19.16,20.39,-0.3,0.02,0.01,0.01,13,1870
Córdoba,23365,0.50,0.50,19.9,18.94,-0.89,0.03,0.01,0.01,87,10041
Córdoba,9635,0.49,0.51,21.36,18.12,-0.57,0.03,0.01,0.01,32,3982
Córdoba,1981,0.50,0.50,20.95,17.67,-1,0.01,0.01,0.01,7,929
Córdoba,3819,0.50,0.50,21.73,16.18,-1.67,0.01,0.01,0.01,7,1581
Córdoba,5435,0.51,0.49,19.94,17.72,-2.35,0.01,0.01,0.01,15,2235
Córdoba,2009,0.52,0.48,19.36,14.14,12.17,0.02,0.01,0.01,5,889
Córdoba,1506,0.50,0.50,20.19,20.65,-4.92,0.03,0.01,0.01,5,624
Córdoba,21241,0.50,0.50,21.41,16.26,2.91,0.05,0.01,0.01,83,9494
Córdoba,2903,0.51,0.49,19.63,17.84,-1.06,0.01,0.01,0.01,15,1259
Córdoba,1603,0.48,0.52,13.66,31.07,-4.41,0.01,0.00,0.02,2,738
Córdoba,11160,0.48,0.52,17.13,22.49,-7.39,0.01,0.01,0.01,33,5337
Córdoba,7468,0.50,0.50,20.62,17.8,1.47,0.02,0.01,0.01,27,3412
Córdoba,17292,0.49,0.51,20.41,17.4,0.42,0.04,0.01,0.01,62,7897
Córdoba,22855,0.49,0.51,20.01,20.18,-1.01,0.02,0.01,0.01,83,9772
Córdoba,30072,0.50,0.50,21.85,16.54,5,0.04,0.01,0.01,97,13279
Córdoba,7576,0.50,0.50,19.8,16.94,2.24,0.02,0.01,0.01,36,3222
Córdoba,10042,0.50,0.50,20.36,20.96,-2.59,0.04,0.01,0.01,38,4788
Córdoba,811,0.50,0.50,17.14,24.91,-2.99,0.00,0.01,0.01,3,382
Córdoba,822,0.50,0.50,10.34,37.47,-17.64,0.02,0.00,0.02,1,386
Córdoba,6079,0.51,0.49,20.81,17.5,1.28,0.03,0.01,0.01,21,3271
Córdoba,1150,0.49,0.51,12,34.17,-12.88,0.00,0.00,0.02,5,528
Córdoba,1208,0.50,0.50,13.66,28.81,-11.44,0.03,0.00,0.02,2,597
Córdoba,373,0.48,0.52,15.28,31.1,-10.12,0.02,0.00,0.02,0,191
Córdoba,2353,0.50,0.50,22.27,17.21,25.03,0.02,0.01,0.01,8,1085
Córdoba,7301,0.50,0.50,21.57,17.04,-1.78,0.01,0.01,0.01,25,2829
Córdoba,4918,0.51,0.49,22.35,14.72,20.72,0.01,0.01,0.01,17,2146
Córdoba,669,0.49,0.51,12.56,28.85,-2.62,0.10,0.01,0.02,1,268
Córdoba,9005,0.49,0.51,17.42,22.58,-8.11,0.02,0.01,0.01,37,3918
Córdoba,1520,0.50,0.50,13.95,33.03,-8.76,0.01,0.00,0.02,3,696
Córdoba,1088,0.50,0.50,14.89,26.75,-11.11,0.02,0.01,0.02,9,474
Córdoba,1196,0.49,0.51,12.29,32.53,-11.41,0.01,0.01,0.02,4,601
Córdoba,3374,0.51,0.49,16.09,25.99,-6.3,0.01,0.00,0.02,5,1442
Córdoba,2636,0.50,0.50,14.91,27.39,-7.48,0.00,0.01,0.02,10,1256
Córdoba,657,0.51,0.49,14.31,30.44,-19.98,0.02,0.01,0.02,2,254
Granada,297,0.50,0.50,14.81,29.97,4.95,0.07,0.01,0.01,1,186
Granada,611,0.51,0.49,12.93,24.71,-22.17,0.00,0.00,0.02,2,405
Granada,18497,0.50,0.50,23.73,11.56,15.77,0.04,0.01,0.01,73,8893
Granada,762,0.55,0.45,11.55,23.88,-16.63,0.05,0.00,0.02,1,539
Granada,421,0.52,0.48,12.35,28.74,-6.03,0.01,0.01,0.01,1,254
Granada,6971,0.53,0.47,22.23,13.37,11.18,0.28,0.01,0.01,18,2628
Granada,876,0.50,0.50,12.44,34.25,-18.13,0.02,0.01,0.02,2,409
Granada,639,0.54,0.46,11.89,26.92,-12.1,0.02,0.00,0.01,5,291
Granada,5429,0.51,0.49,21.97,14.2,4.85,0.02,0.01,0.01,29,2797
Granada,2734,0.51,0.49,14.67,28.49,-32.96,0.05,0.01,0.02,9,1533
Granada,6044,0.54,0.46,18.88,17.65,-1.52,0.17,0.01,0.01,12,2772
Granada,8740,0.51,0.49,24.86,10.24,56.66,0.03,0.02,0.01,66,3990
Granada,511,0.51,0.49,17.22,24.66,-8.91,0.01,0.00,0.01,1,276
Granada,377,0.55,0.45,10.88,32.89,-10.45,0.08,0.00,0.02,0,201
Granada,27397,0.50,0.50,18.82,21,4.31,0.20,0.01,0.01,82,11197
Granada,1038,0.55,0.45,11.85,28.13,-9.11,0.17,0.01,0.02,3,505
Granada,703,0.50,0.50,9.96,27.74,-10.79,0.02,0.01,0.03,1,446
Granada,1231,0.51,0.49,13.32,22.34,-44.1,0.06,0.01,0.02,3,1016
Granada,23901,0.50,0.50,22.22,11.02,21.53,0.08,0.01,0.01,93,10310
Granada,18092,0.50,0.50,24.99,10.86,34.7,0.04,0.02,0.01,106,7739
Granada,20656,0.50,0.50,21,17.47,-8.53,0.07,0.01,0.01,58,10906
Granada,1004,0.54,0.46,16.33,23.41,-8.06,0.02,0.01,0.01,2,561
Granada,354,0.50,0.50,18.64,23.73,-5.35,0.02,0.01,0.03,1,195
Granada,3277,0.50,0.50,24.17,17.91,-1.03,0.01,0.01,0.01,16,1500
Granada,1107,0.52,0.48,14.36,24.3,-18.12,0.05,0.01,0.01,5,667
Granada,2359,0.51,0.49,19.42,24.8,1.33,0.05,0.02,0.01,4,1240
Granada,727,0.53,0.47,13.76,23.8,-10.36,0.10,0.00,0.01,3,259
Granada,294,0.50,0.50,11.22,16.67,-19.67,0.10,0.01,0.01,0,187
Granada,276,0.53,0.47,11.23,22.1,-20.69,0.03,0.01,0.01,1,166
Granada,594,0.50,0.50,12.63,31.31,-13.28,0.07,0.00,0.01,1,345
Granada,1528,0.53,0.47,15.77,26.57,-5.74,0.08,0.01,0.02,3,719
Granada,5025,0.48,0.52,24.2,14.49,21.41,0.03,0.01,0.01,17,2393
Granada,700,0.50,0.50,10.43,27.86,-8.62,0.02,0.01,0.02,3,459
Granada,619,0.50,0.50,16.8,17.77,9.56,0.02,0.00,0.01,1,369
Granada,1286,0.52,0.48,18.2,22.01,-12.34,0.03,0.01,0.01,5,699
Granada,379,0.54,0.46,16.36,18.73,3.84,0.32,0.01,0.01,0,138
Granada,4279,0.51,0.49,16.06,23.79,-12.62,0.06,0.01,0.02,21,2586
Granada,520,0.50,0.50,19.42,17.5,-7.8,0.08,0.01,0.01,0,214
Granada,178,0.54,0.46,8.43,26.4,-11,0.25,0.01,0.01,2,97
Granada,244,0.61,0.39,4.92,36.07,-5.79,0.22,0.00,0.03,0,128
Granada,1389,0.53,0.47,12.53,32.47,-14.21,0.08,0.00,0.02,1,756
Granada,2236,0.51,0.49,15.88,29.61,-13.37,0.06,0.01,0.02,6,1175
Granada,7866,0.50,0.50,24.26,8.61,24.05,0.04,0.01,0.00,33,3622
Granada,5421,0.50,0.50,25.24,13.93,21.11,0.02,0.01,0.01,17,2592
Granada,1355,0.53,0.47,17.2,24.13,-6.94,0.10,0.01,0.01,3,740
Granada,14215,0.50,0.50,25.13,9.67,51.13,0.05,0.01,0.01,83,6184
Granada,3201,0.51,0.49,26.3,10.75,38.75,0.04,0.01,0.00,14,1377
Granada,674,0.55,0.45,11.28,26.41,-6.52,0.02,0.01,0.01,0,334
Granada,2096,0.50,0.50,20.42,19.8,0.05,0.01,0.01,0.01,10,951
Granada,1395,0.52,0.48,18.28,21.79,-11.15,0.01,0.01,0.01,2,780
Granada,1993,0.50,0.50,13.35,31.91,-9.66,0.06,0.01,0.02,4,1052
Granada,1020,0.51,0.49,16.27,25.78,-5.82,0.03,0.00,0.01,3,517
Granada,1873,0.50,0.50,16.66,26.05,-9.65,0.10,0.01,0.02,3,1066
Granada,4296,0.50,0.50,16.48,27,-12.29,0.04,0.01,0.01,11,2480
Granada,7198,0.51,0.49,27.26,9.66,22.17,0.04,0.01,0.00,22,3489
Granada,1557,0.50,0.50,27.42,14.9,8.28,0.01,0.01,0.01,3,980
Granada,426,0.51,0.49,14.55,26.76,-23.52,0.01,0.00,0.01,1,219
Granada,727,0.51,0.49,16.64,21.46,-,0.02,0.00,0.01,1,-
Granada,2622,0.50,0.50,21.89,18,5.81,0.01,0.01,0.01,8,1223
Granada,785,0.51,0.49,16.31,22.17,-6.21,0.01,0.01,0.01,0,457
Granada,1910,0.50,0.50,19.42,17.12,19.38,0.04,0.01,0.01,8,1030
Granada,631,0.53,0.47,16.48,28.21,9.55,0.07,0.01,0.01,1,390
Granada,907,0.52,0.48,18.19,24.37,-,0.02,#VALUE!,#VALUE!,-,-
Granada,347,0.54,0.46,16.71,19.02,18.84,0.04,0.00,0.00,0,194
Granada,7050,0.49,0.51,20.87,16.65,2.83,0.03,0.01,0.01,28,3210
Granada,787,0.51,0.49,16.14,19.44,6.64,0.01,0.01,0.01,2,468
Granada,303,0.51,0.49,12.87,37.29,-6.48,0.00,0.00,0.01,1,163
Granada,1016,0.53,0.47,22.64,22.15,-11.27,0.02,0.01,0.01,0,627
Granada,894,0.51,0.49,15.32,25.84,-16.76,0.07,0.01,0.01,3,556
Granada,4395,0.50,0.50,22.12,16.81,6.99,0.03,0.01,0.01,20,2146
Granada,20012,0.51,0.49,25.53,8.62,49.96,0.04,0.01,0.00,143,8463
Granada,1133,0.50,0.50,13.42,32.04,1.25,0.13,0.00,0.01,2,660
Granada,262,0.46,0.54,6.49,37.02,-18.38,0.02,0.00,0.02,0,163
Granada,5539,0.51,0.49,23.47,12.31,11.99,0.03,0.01,0.01,16,2923
Granada,767,0.51,0.49,7.43,38.2,-21.49,0.03,0.00,0.02,1,481
Granada,405,0.52,0.48,11.85,32.84,-23,0.06,0.00,0.01,0,246
Granada,234758,0.46,0.54,18.46,20.48,-1.33,0.06,0.01,0.01,791,109391
Granada,1957,0.51,0.49,22.99,18.4,-11.85,0.02,0.01,0.01,2,1221
Granada,18796,0.49,0.51,20.66,17.74,-7.39,0.04,0.01,0.01,72,8759
Granada,1052,0.54,0.46,11.6,29.28,-21.32,0.06,0.01,0.01,3,479
Granada,4943,0.51,0.49,21.18,13.72,115.48,0.30,0.01,0.01,11,1820
Granada,2909,0.53,0.47,18.15,17.29,-0.21,0.03,0.01,0.01,5,1193
Granada,2540,0.53,0.47,24.02,11.73,17.92,0.02,0.01,0.01,8,1171
Granada,406,0.51,0.49,18.72,21.43,-7.52,0.01,0.00,0.03,0,260
Granada,1156,0.53,0.47,14.53,26.73,-6.02,0.04,0.01,0.02,1,666
Granada,7609,0.49,0.51,19.11,23.3,-7.34,0.03,0.01,0.01,18,4030
Granada,1901,0.51,0.49,18.1,15.83,6.56,0.02,0.01,0.01,4,1140
Granada,10162,0.50,0.50,21.79,15.53,8.8,0.05,0.01,0.01,37,4331
Granada,11777,0.50,0.50,22.06,12.05,9.63,0.03,0.01,0.01,43,5983
Granada,10286,0.50,0.50,18.92,20.11,-0.17,0.02,0.01,0.01,38,5408
Granada,1010,0.51,0.49,16.34,22.77,-9.58,0.14,0.01,0.02,1,409
Granada,5045,0.51,0.49,25.51,14.71,-28.4,0.03,0.01,0.01,24,3493
Granada,646,0.56,0.44,18.73,17.96,-,0.20,#VALUE!,#VALUE!,-,-
Granada,1119,0.51,0.49,17.07,20.2,-12.92,0.02,0.00,0.01,5,582
Granada,1009,0.53,0.47,15.36,24.58,-7.52,0.02,0.01,0.02,1,553
Granada,904,0.51,0.49,14.93,18.47,10.24,0.27,0.01,0.01,3,432
Granada,3692,0.50,0.50,26.44,8.29,58.73,0.02,0.01,0.01,7,1905
Granada,148,0.49,0.51,16.22,25.68,-16.38,0.14,0.00,0.02,0,83
Granada,3303,0.51,0.49,22.86,13.81,17.17,0.03,0.01,0.01,23,1731
Granada,3587,0.50,0.50,16.53,21.3,-5.51,0.06,0.01,0.01,12,1482
Granada,552,0.51,0.49,14.49,27.36,4.55,0.01,0.00,0.01,3,401
Granada,2098,0.51,0.49,16.25,26.55,-9.92,0.05,0.01,0.01,8,1138
Granada,338,0.53,0.47,16.27,29.29,-1.17,0.06,0.01,0.01,1,164
Granada,159,0.52,0.48,7.55,33.96,31.4,0.15,0.00,0.03,2,85
Granada,20641,0.50,0.50,21.43,17.62,-2.62,0.04,0.01,0.01,61,9482
Granada,327,0.54,0.46,10.09,33.94,-10.9,0.00,0.00,0.01,0,155
Granada,487,0.54,0.46,7.19,28.34,-0.81,0.17,0.00,0.01,0,316
Granada,1821,0.50,0.50,20.32,17.85,6.93,0.02,0.01,0.01,3,972
Granada,22059,0.49,0.51,23.48,12.84,13.78,0.05,0.01,0.01,74,9486
Granada,424,0.47,0.53,23.58,24.53,5.21,0.01,0.01,0.01,1,240
Granada,3884,0.50,0.50,15.24,22.76,-6.32,0.03,0.01,0.01,12,2260
Granada,2881,0.51,0.49,18.08,19.26,-3.9,0.11,0.01,0.01,16,1303
Granada,7681,0.51,0.49,21.81,13.34,22.13,0.05,0.01,0.01,34,4011
Granada,5601,0.50,0.50,17.39,23.05,-13.11,0.04,0.00,0.01,19,3113
Granada,2204,0.51,0.49,18.6,20.69,-15.1,0.00,0.01,0.01,10,1130
Granada,1272,0.53,0.47,17.14,21.38,-1.24,0.09,0.01,0.02,4,564
Granada,3187,0.51,0.49,20.9,19.14,4.22,0.05,0.01,0.01,8,1772
Granada,660,0.54,0.46,13.48,28.48,-18.72,0.02,0.01,0.02,0,445
Granada,60368,0.49,0.51,22.85,14.29,4.27,0.10,0.01,0.01,126,23810
Granada,495,0.57,0.43,12.12,30.71,-32.19,0.07,0.01,0.01,0,324
Granada,1106,0.51,0.49,16,26.76,-6.19,0.06,0.01,0.02,5,462
Granada,1218,0.51,0.49,16.91,22.25,6.01,0.07,0.01,0.01,2,598
Granada,930,0.51,0.49,19.68,15.27,39.22,0.02,0.01,0.01,5,551
Granada,13718,0.49,0.51,23.9,12.03,13.94,0.03,0.01,0.01,49,6935
Granada,1220,0.52,0.48,16.64,27.3,-12.04,0.09,0.00,0.01,2,725
Granada,5543,0.50,0.50,17.9,18.22,1.52,0.21,0.01,0.01,13,2557
Granada,1082,0.50,0.50,18.85,21.72,-2.79,0.09,0.01,0.01,3,505
Granada,8442,0.51,0.49,20.74,15.41,7.25,0.04,0.01,0.01,30,4166
Granada,318,0.50,0.50,15.72,15.09,-7.56,0.07,0.01,0.01,1,146
Granada,1150,0.49,0.51,17.83,31.39,-5.51,0.02,0.01,0.02,0,648
Granada,11242,0.50,0.50,24.16,11.97,8.25,0.02,0.01,0.01,38,5609
Granada,1241,0.52,0.48,19.58,23.85,-9.22,0.02,0.01,0.01,4,597
Granada,1154,0.55,0.45,13.17,21.32,-15.27,0.05,0.01,0.01,1,686
Granada,962,0.52,0.48,14.45,25.16,-11.58,0.07,0.01,0.01,1,459
Granada,1430,0.52,0.48,21.89,13.01,14.22,0.03,0.01,0.01,6,820
Granada,10519,0.50,0.50,21.6,17.75,-21.79,0.02,0.01,0.01,28,6363
Granada,234,0.53,0.47,9.83,26.92,3.08,0.01,0.00,0.02,1,125
Granada,1680,0.53,0.47,19.17,15.65,7.9,0.33,0.01,0.01,3,748
Granada,401,0.52,0.48,17.96,19.95,-4.3,0.03,0.00,0.01,0,167
Granada,2306,0.52,0.48,19.6,24.02,-10.1,0.05,0.01,0.01,7,1182
Granada,5339,0.50,0.50,23.75,10.64,8.43,0.02,0.01,0.01,14,2713
Granada,2356,0.50,0.50,21.56,17.66,2.7,0.02,0.01,0.01,10,1314
Granada,954,0.51,0.49,14.99,21.91,-7.92,0.02,0.01,0.01,1,424
Granada,377,0.57,0.43,8.75,22.81,-19.44,0.14,0.00,0.01,0,223
Granada,2698,0.51,0.49,23.13,20.09,-3.47,0.02,0.01,0.01,9,1123
Granada,12399,0.50,0.50,21.12,18.23,2.79,0.10,0.01,0.01,39,5093
Granada,544,0.52,0.48,17.28,23.16,-0.37,0.06,0.01,0.01,2,298
Granada,15079,0.49,0.51,22.45,16.25,3.29,0.03,0.01,0.01,55,6500
Granada,277,0.55,0.45,9.75,29.96,4.53,0.05,0.00,0.02,0,99
Granada,555,0.52,0.48,14.05,26.13,-18.02,0.18,0.01,0.02,1,241
Granada,655,0.52,0.48,15.88,27.79,-11.84,0.15,0.00,0.02,0,378
Granada,813,0.52,0.48,13.41,31.24,-25.55,0.01,0.00,0.02,2,480
Granada,682,0.53,0.47,12.32,28.01,-15.07,0.11,0.00,0.01,1,354
Granada,776,0.52,0.48,17.14,20.23,-6.62,0.04,0.00,0.02,1,324
Granada,254,0.59,0.41,4.33,31.1,-22.32,0.09,0.00,0.02,1,125
Granada,2512,0.49,0.51,21.02,23.25,-0.75,0.07,0.01,0.01,9,941
Granada,2094,0.49,0.51,23.35,17.72,-,0.02,0.01,0.01,7,0
Granada,964,0.50,0.50,11.2,34.13,-14.69,0.05,0.01,0.04,4,544
Granada,2163,0.51,0.49,17.61,24.87,-6.57,0.01,0.01,0.01,5,1176
Granada,671,0.51,0.49,9.09,32.79,-5.23,0.04,0.01,0.02,5,408
Granada,10518,0.51,0.49,29.25,8.23,59.39,0.03,0.02,0.01,57,4466
Granada,2875,0.50,0.50,19.55,18.61,-3.04,0.10,0.00,0.01,8,1125
Granada,640,0.54,0.46,13.13,19.06,-12.81,0.03,0.00,0.01,1,391
Granada,6835,0.51,0.49,23.75,13.65,21.36,0.03,0.01,0.00,20,3497
Granada,989,0.50,0.50,19.01,22.35,-1.49,0.03,0.00,0.01,3,480
Granada,650,0.53,0.47,17.08,22.77,-16.45,0.01,0.02,0.02,1,318
Granada,2030,0.49,0.51,19.46,18.87,-5.45,0.02,0.01,0.01,7,1010
Granada,995,0.52,0.48,20.9,14.47,25,0.04,0.01,0.01,1,505
Granada,2063,0.54,0.46,18.32,19,-4.93,0.20,0.01,0.01,5,1318
Granada,882,0.51,0.49,14.97,24.6,-16.32,0.01,0.01,0.02,3,461
Granada,18945,0.49,0.51,24.22,11.71,15.17,0.04,0.01,0.01,65,8715
Granada,2678,0.51,0.49,17.03,23.53,-4.8,0.08,0.01,0.01,9,1500
Huelva,814,0.51,0.49,19.04,16.95,-0.85,0.05,0.01,0.01,4,365
Huelva,20745,0.50,0.50,26.67,8.93,32.84,0.02,0.01,0.00,79,9745
Huelva,838,0.53,0.47,15.87,20.05,-1.06,0.04,0.01,0.01,2,368
Huelva,1891,0.53,0.47,13.48,23.32,1.67,0.02,0.00,0.01,3,860
Huelva,23223,0.50,0.50,21.94,12.5,14.83,0.17,0.01,0.01,71,9275
Huelva,3995,0.49,0.51,16.67,23.48,-10.79,0.02,0.01,0.02,7,1727
Huelva,7929,0.49,0.51,21.73,16.95,9.7,0.03,0.01,0.01,29,3540
Huelva,3157,0.50,0.50,17.45,20.72,-1.68,0.01,0.01,0.01,8,1123
Huelva,983,0.52,0.48,15.46,25.84,-7.35,0.00,0.01,0.02,0,436
Huelva,20629,0.50,0.50,20.71,16.22,10.69,0.12,0.01,0.01,55,8649
Huelva,4272,0.51,0.49,17.72,20.51,1.47,0.05,0.01,0.01,22,2138
Huelva,331,0.50,0.50,4.53,35.95,-12.2,0.02,0.00,0.02,0,174
Huelva,14177,0.50,0.50,21.77,18.14,5.02,0.08,0.01,0.01,56,6231
Huelva,6021,0.50,0.50,21.31,15.48,9.61,0.16,0.01,0.01,25,2436
Huelva,731,0.52,0.48,9.99,25.03,-14.8,0.00,0.01,0.01,3,466
Huelva,1236,0.50,0.50,16.34,20.06,-5.51,0.02,0.01,0.01,4,678
Huelva,4225,0.51,0.49,15.22,20.83,-3.98,0.01,0.01,0.01,11,1882
Huelva,2072,0.49,0.51,15.69,22.15,-8.96,0.01,0.01,0.01,11,1044
Huelva,708,0.50,0.50,17.66,22.88,-8.29,0.02,0.01,0.00,1,393
Huelva,410,0.50,0.50,14.63,27.07,-0.49,0.01,0.01,0.02,1,191
Huelva,19094,0.51,0.49,23.23,11.12,19.03,0.19,0.01,0.01,64,7998
Huelva,206,0.60,0.40,14.56,18.45,-3.74,0.06,0.00,0.02,0,101
Huelva,2454,0.50,0.50,13.94,24.12,-4.92,0.01,0.01,0.02,4,999
Huelva,2142,0.51,0.49,20.12,19.33,4.28,0.02,0.01,0.01,8,832
Huelva,547,0.49,0.51,14.08,25.41,-11.06,0.01,0.01,0.01,0,290
Huelva,4853,0.51,0.49,16.96,19.93,-3.69,0.02,0.01,0.01,17,2158
Huelva,302,0.50,0.50,13.58,23.84,11.85,0.00,0.00,0.03,1,142
Huelva,50,0.60,0.40,6,20,13.64,0.02,0.00,0.02,0,33
Huelva,404,0.49,0.51,8.91,35.4,-17.55,0.00,0.00,0.03,0,194
Huelva,1827,0.50,0.50,16.31,22.71,-9.73,0.01,0.01,0.02,5,842
Huelva,1365,0.51,0.49,13.55,28.79,-16.46,0.02,0.00,0.02,1,591
Huelva,2241,0.49,0.51,21.91,19.01,3.08,0.02,0.01,0.01,15,1024
Huelva,648,0.51,0.49,17.59,16.98,6.93,0.04,0.01,0.00,1,324
Huelva,1431,0.49,0.51,17.61,21.38,-10.9,0.03,0.01,0.01,5,720
Huelva,12523,0.50,0.50,21.39,15.04,10.34,0.05,0.01,0.01,44,5169
Huelva,191,0.50,0.50,13.09,21.47,-13.96,0.00,0.01,0.01,0,103
Huelva,525,0.53,0.47,11.43,27.81,-15.05,0.03,0.00,0.02,0,314
Huelva,1317,0.51,0.49,18.6,20.88,-3.23,0.02,0.01,0.01,2,648
Huelva,317,0.50,0.50,13.56,29.34,-13.39,0.00,0.00,0.01,0,206
Huelva,3893,0.50,0.50,17.98,19.21,2.53,0.04,0.01,0.01,11,1833
Huelva,145468,0.48,0.52,21.05,17.03,-0.2,0.04,0.01,0.01,510,69299
Huelva,21165,0.50,0.50,23.38,13.22,4.14,0.08,0.01,0.01,53,7637
Huelva,2260,0.50,0.50,18.27,16.68,-8.61,0.02,0.01,0.01,7,1160
Huelva,27409,0.51,0.49,23.2,10.71,15.26,0.18,0.01,0.01,78,10682
Huelva,266,0.50,0.50,12.78,20.68,-13.64,0.00,0.01,0.03,4,144
Huelva,3146,0.52,0.48,20.31,11.22,44.64,0.34,0.02,0.01,12,1411
Huelva,2094,0.51,0.49,13.09,22.35,-11.08,0.02,0.00,0.01,11,1004
Huelva,384,0.54,0.46,19.27,24.22,20,0.07,0.00,0.01,0,210
Huelva,3974,0.49,0.51,17.01,20.73,-9.7,0.02,0.01,0.01,14,2207
Huelva,21401,0.50,0.50,21.52,10.72,16.05,0.26,0.01,0.01,67,8536
Huelva,292,0.49,0.51,14.04,24.32,-10.98,0.06,0.02,0.02,0,179
Huelva,5474,0.49,0.51,16.88,21.47,-7.95,0.02,0.01,0.02,14,2637
Huelva,4098,0.51,0.49,20.72,16.64,1.61,0.04,0.01,0.01,4,2153
Huelva,10624,0.50,0.50,23.63,16.84,5.46,0.03,0.01,0.01,43,4232
Huelva,10785,0.50,0.50,24.59,11.15,28.16,0.17,0.01,0.00,41,5405
Huelva,3486,0.51,0.49,18.36,21.72,-7.36,0.01,0.01,0.01,15,1699
Huelva,1221,0.50,0.50,17.04,23.51,-4.09,0.02,0.01,0.01,2,543
Huelva,3138,0.51,0.49,16.41,20.94,-1.94,0.03,0.01,0.01,6,1495
Huelva,286,0.49,0.51,24.48,15.38,5.15,0.02,0.01,0.01,2,132
Huelva,15053,0.51,0.49,19.57,14.87,7.27,0.04,0.01,0.01,62,5670
Huelva,7735,0.50,0.50,21.19,15.48,12.71,0.20,0.01,0.01,20,3339
Huelva,1728,0.50,0.50,16.9,23.67,-5,0.06,0.01,0.00,5,813
Huelva,3618,0.50,0.50,20.01,16.31,12.89,0.12,0.01,0.01,21,1560
Huelva,8949,0.50,0.50,24.76,12.1,24.22,0.06,0.01,0.01,33,3789
Huelva,604,0.53,0.47,13.74,27.98,-8.76,0.06,0.01,0.02,2,335
Huelva,431,0.51,0.49,14.85,27.38,15.55,0.26,0.00,0.01,2,194
Huelva,498,0.47,0.53,18.67,22.89,2.89,0.03,0.00,0.02,2,245
Huelva,1087,0.49,0.51,11.22,28.33,-6.13,0.02,0.00,0.01,0,605
Huelva,2042,0.51,0.49,19.29,18.51,-4.36,0.02,0.01,0.01,7,969
Huelva,7628,0.49,0.51,20.22,17.2,3.46,0.02,0.01,0.01,22,3882
Huelva,233,0.48,0.52,15.45,27.9,-1.69,0.03,0.00,0.00,1,118
Huelva,12857,0.49,0.51,20.42,19.68,1.92,0.03,0.01,0.01,61,6375
Huelva,2801,0.50,0.50,20.24,15.85,15.79,0.18,0.01,0.01,3,1225
Huelva,3308,0.49,0.51,21.19,20.89,-3.98,0.01,0.01,0.01,10,1375
Huelva,385,0.49,0.51,9.09,29.35,-5.87,0.01,0.00,0.01,2,175
Huelva,2746,0.50,0.50,18.46,19.16,-0.79,0.07,0.01,0.01,6,1381
Huelva,2167,0.51,0.49,21,20.44,2.17,0.03,0.01,0.01,4,987
Huelva,3178,0.50,0.50,14.54,23.25,-9.61,0.02,0.01,0.01,6,1595
Huelva,860,0.51,0.49,18.49,23.02,-13.57,0.01,0.01,0.02,1,390
Jaén,1072,0.52,0.48,12.5,32.28,-19.16,0.01,0.00,0.01,1,420
Jaén,21758,0.49,0.51,19.23,21.9,-1.68,0.03,0.01,0.01,91,9799
Jaén,10698,0.49,0.51,18.81,21.73,-4.17,0.03,0.01,0.01,36,4649
Jaén,516,0.54,0.46,15.5,25.78,-4.8,0.02,0.01,0.02,0,258
Jaén,37975,0.49,0.51,20.65,17.65,-1.78,0.02,0.01,0.01,112,15391
Jaén,5691,0.49,0.51,20,19.33,-1.46,0.01,0.01,0.01,16,2256
Jaén,3695,0.50,0.50,18.32,19.27,-5.45,0.01,0.01,0.01,10,1495
Jaén,1836,0.50,0.50,19.06,17.92,-7.51,0.02,0.00,0.02,4,770
Jaén,2354,0.51,0.49,18.61,19.92,-5.84,0.05,0.01,0.01,9,926
Jaén,16100,0.50,0.50,20.74,16.91,0.27,0.04,0.01,0.01,56,6936
Jaén,18085,0.50,0.50,22.06,15.14,-1.51,0.02,0.01,0.01,56,7221
Jaén,2634,0.51,0.49,19.29,19.78,-2.98,0.01,0.01,0.01,14,1020
Jaén,5380,0.52,0.48,18.81,20.45,-1.59,0.07,0.01,0.01,9,2234
Jaén,2823,0.50,0.50,19.59,22.17,-11.37,0.01,0.01,0.02,5,1055
Jaén,3102,0.50,0.50,20.28,18.12,0.03,0.01,0.01,0.01,9,1378
Jaén,1646,0.50,0.50,16.65,22.72,-14.36,0.02,0.01,0.02,4,673
Jaén,463,0.52,0.48,13.82,28.94,-20.99,0.05,0.00,0.01,1,200
Jaén,1908,0.53,0.47,18.82,21.17,-13.74,0.01,0.01,0.02,10,874
Jaén,2802,0.52,0.48,17.77,23.84,-6.48,0.02,0.01,0.02,4,953
Jaén,1897,0.52,0.48,18.71,20.03,-6.09,0.04,0.01,0.02,7,773
Jaén,1943,0.51,0.49,16.31,21.92,-6.68,0.05,0.01,0.01,3,810
Jaén,630,0.52,0.48,18.1,20.16,-6.11,0.01,0.01,0.01,0,248
Jaén,1387,0.52,0.48,17.95,22.35,-3.75,0.02,0.01,0.01,5,521
Jaén,15579,0.50,0.50,21.07,16.35,0.02,0.02,0.01,0.01,61,6408
Jaén,3411,0.50,0.50,19.64,17.82,-8.99,0.01,0.01,0.01,6,1369
Jaén,4212,0.49,0.51,13.22,30.01,-15.91,0.04,0.00,0.01,7,1914
Jaén,846,0.48,0.52,14.78,28.72,0.83,0.01,0.00,0.02,2,300
Jaén,7673,0.49,0.51,19.08,20.46,-6.12,0.03,0.01,0.01,20,3153
Jaén,1002,0.49,0.51,14.17,28.14,-15.87,0.04,0.01,0.02,3,415
Jaén,1499,0.49,0.51,17.95,24.88,-7.98,0.02,0.01,0.01,5,603
Jaén,947,0.50,0.50,20.8,19.11,-0.32,0.03,0.01,0.01,3,370
Jaén,687,0.49,0.51,18.78,19.51,-8.4,0.02,0.00,0.02,3,413
Jaén,1637,0.50,0.50,16.07,28.83,-8.85,0.04,0.00,0.01,2,803
Jaén,3115,0.49,0.51,17.75,22.38,-6.34,0.04,0.01,0.01,10,1355
Jaén,1399,0.52,0.48,19.73,20.94,10.42,0.05,0.01,0.02,9,540
Jaén,608,0.54,0.46,15.46,26.97,7.61,0.06,0.00,0.02,0,244
Jaén,4895,0.51,0.49,28.52,9.79,48.29,0.02,0.01,0.01,11,2102
Jaén,2861,0.50,0.50,22.2,15.52,-1.48,0.03,0.01,0.01,9,1108
Jaén,632,0.53,0.47,18.99,20.57,-9.2,0.05,0.00,0.01,3,286
Jaén,338,0.51,0.49,14.5,30.47,-24.22,0.03,0.00,0.01,2,186
Jaén,649,0.50,0.50,17.41,22.34,-2.11,0.01,0.01,0.01,0,256
Jaén,6021,0.50,0.50,20.36,20.66,-2.45,0.02,0.01,0.01,18,2423
Jaén,2553,0.51,0.49,18.45,17.23,-6.35,0.01,0.01,0.01,7,1104
Jaén,2956,0.50,0.50,18.88,20.06,-7.22,0.03,0.01,0.01,10,1096
Jaén,1989,0.49,0.51,17.9,17.19,0,0.02,0.01,0.01,3,832
Jaén,1031,0.52,0.48,14.45,23.08,-10.74,0.03,0.00,0.01,2,464
Jaén,2152,0.50,0.50,17.43,20.17,-10.93,0.01,0.01,0.01,8,934
Jaén,114658,0.48,0.52,20.99,16.86,-1.81,0.02,0.01,0.01,403,49989
Jaén,3376,0.51,0.49,20.29,17.42,-2.4,0.01,0.01,0.01,10,1269
Jaén,1323,0.48,0.52,14.97,24.49,-12.21,0.01,0.01,0.02,4,482
Jaén,11994,0.50,0.50,23.14,14.69,-1.28,0.01,0.01,0.01,31,4115
Jaén,1771,0.49,0.51,17.39,24.05,-5.65,0.01,0.00,0.01,1,650
Jaén,483,0.51,0.49,23.4,20.08,1.9,0.00,0.01,0.01,2,197
Jaén,58829,0.49,0.51,20.2,17.42,-4.27,0.02,0.01,0.01,195,25358
Jaén,3743,0.50,0.50,18.94,19.85,-6.31,0.01,0.01,0.01,13,1743
Jaén,883,0.49,0.51,14.84,23.33,-12.49,0.01,0.00,0.01,3,443
Jaén,11194,0.50,0.50,23.32,15.12,7.32,0.03,0.01,0.01,53,4589
Jaén,7053,0.50,0.50,18.67,19.57,-7.42,0.02,0.01,0.01,27,2843
Jaén,24240,0.50,0.50,21.43,17.28,0.74,0.04,0.01,0.01,92,10442
Jaén,9921,0.50,0.50,24.99,14.24,9,0.02,0.01,0.01,36,3988
Jaén,1768,0.52,0.48,16.46,22.74,-9.61,0.04,0.01,0.01,7,677
Jaén,4597,0.50,0.50,18.6,19.01,-8.92,0.01,0.01,0.01,14,1604
Jaén,1977,0.50,0.50,17.75,24.28,-6.3,0.02,0.01,0.01,3,663
Jaén,1894,0.50,0.50,16.68,22.97,-11.54,0.02,0.01,0.01,3,737
Jaén,5325,0.50,0.50,18.44,20.53,-3.08,0.03,0.01,0.01,21,2282
Jaén,2966,0.50,0.50,18.71,20.63,-6.47,0.01,0.01,0.01,10,1154
Jaén,6532,0.51,0.49,17.09,23.07,-4.77,0.04,0.01,0.01,17,2561
Jaén,4857,0.51,0.49,19.81,22.57,-8.74,0.03,0.01,0.01,13,2330
Jaén,2216,0.50,0.50,20.22,18.91,2.93,0.05,0.01,0.01,11,945
Jaén,2435,0.50,0.50,17.37,23.16,-6.99,0.03,0.01,0.01,6,1048
Jaén,5483,0.51,0.49,18.07,21.52,-7.66,0.02,0.01,0.01,16,2041
Jaén,3668,0.51,0.49,19,18.62,-2.91,0.01,0.01,0.01,9,1429
Jaén,4042,0.50,0.50,19.99,21.8,-2.11,0.01,0.01,0.01,14,1566
Jaén,966,0.53,0.47,15.53,18.43,-3.59,0.01,0.01,0.01,3,451
Jaén,727,0.51,0.49,13.76,29.16,-17.67,0.03,0.00,0.02,3,358
Jaén,3229,0.52,0.48,15.67,26.26,-20.07,0.00,0.01,0.01,10,1230
Jaén,4621,0.51,0.49,20.19,17.51,-6.82,0.03,0.01,0.01,14,1540
Jaén,2249,0.50,0.50,18.59,22.63,-1.19,0.06,0.01,0.02,9,930
Jaén,1845,0.49,0.51,16.75,24.66,-9.07,0.03,0.00,0.01,5,727
Jaén,2336,0.51,0.49,17.68,24.96,-5.23,0.02,0.01,0.02,5,936
Jaén,1196,0.53,0.47,15.8,23.49,-2.21,0.08,0.01,0.02,7,496
Jaén,2669,0.50,0.50,17.27,21.54,-5.76,0.01,0.01,0.01,6,1204
Jaén,14538,0.50,0.50,21.49,16.89,3.28,0.03,0.01,0.01,46,5184
Jaén,13874,0.49,0.51,19.71,18.44,-0.29,0.02,0.01,0.01,52,5883
Jaén,7468,0.49,0.51,19.7,20.8,12.32,0.01,0.01,0.01,24,3101
Jaén,1513,0.51,0.49,14.14,28.68,-10.05,0.02,0.01,0.01,3,572
Jaén,860,0.52,0.48,16.05,23.72,-1.15,0.01,0.00,0.02,1,370
Jaén,34835,0.49,0.51,20.84,17.1,2.04,0.03,0.01,0.01,120,15323
Jaén,3910,0.50,0.50,17.77,22.25,-7.81,0.03,0.01,0.01,18,1531
Jaén,4646,0.50,0.50,17.22,20.4,-7.41,0.03,0.01,0.01,22,1937
Jaén,11000,0.50,0.50,20.36,19.02,-1.23,0.04,0.01,0.01,39,4424
Jaén,3152,0.50,0.50,17.07,20.56,-6.61,0.03,0.01,0.01,7,1313
Jaén,8447,0.52,0.48,20.34,17.7,-3.18,0.07,0.01,0.01,23,3464
Jaén,1017,0.50,0.50,14.55,26.75,-12.33,0.03,0.00,0.02,6,389
Jaén,6019,0.50,0.50,21.85,16.4,12.95,0.01,0.01,0.01,24,2182
Jaén,441,0.51,0.49,12.7,32.88,-7.55,0.02,0.01,0.01,0,197
Jaén,4377,0.51,0.49,20.08,19.63,0.6,0.02,0.01,0.01,16,1825
Málaga,5390,0.51,0.49,21.3,15.1,1.43,0.05,0.01,0.01,18,2560
Málaga,2272,0.51,0.49,15.67,33.23,8.92,0.37,0.01,0.01,8,1228
Málaga,1135,0.51,0.49,12.69,27.4,-18.11,0.02,0.01,0.01,0,598
Málaga,405,0.51,0.49,10.37,29.14,-9.6,0.14,0.00,0.02,0,237
Málaga,6232,0.50,0.50,20.36,20.14,9.95,0.13,0.01,0.01,12,2609
Málaga,795,0.51,0.49,15.85,23.52,-15.61,0.02,0.00,0.01,3,396
Málaga,38794,0.50,0.50,25.78,11.39,28.11,0.07,0.01,0.01,148,18108
Málaga,24315,0.50,0.50,24.47,15.18,15.4,0.22,0.01,0.01,81,10377
Málaga,1835,0.51,0.49,18.37,21.91,-3.73,0.04,0.01,0.01,5,678
Málaga,2046,0.51,0.49,19.01,20.97,-3.4,0.05,0.01,0.01,8,1114
Málaga,3786,0.51,0.49,18.89,19.84,-12.14,0.07,0.01,0.01,9,1580
Málaga,12941,0.50,0.50,19.45,19.01,-1.99,0.08,0.01,0.01,37,5072
Málaga,2030,0.50,0.50,16.6,22.81,-8.68,0.07,0.01,0.01,7,904
Málaga,246,0.51,0.49,8.54,30.08,-13.68,0.04,0.01,0.04,1,95
Málaga,41065,0.49,0.51,21.78,16.24,-6.74,0.04,0.01,0.01,157,19651
Málaga,428,0.50,0.50,14.72,27.34,0.23,0.31,0.01,0.01,2,169
Málaga,8499,0.51,0.49,19.25,19.16,-2,0.06,0.01,0.01,24,4067
Málaga,2507,0.51,0.49,18.67,19.63,-1.99,0.04,0.01,0.01,17,945
Málaga,1205,0.52,0.48,15.6,27.05,-10.01,0.14,0.01,0.01,3,596
Málaga,4114,0.49,0.51,21.2,18.42,5.33,0.02,0.01,0.01,21,1639
Málaga,171,0.53,0.47,11.11,25.73,20.42,0.04,0.01,0.03,0,60
Málaga,232,0.50,0.50,15.95,25.86,-10.08,0.09,0.01,0.02,0,113
Málaga,7342,0.50,0.50,22.99,16.4,156.71,0.64,0.01,0.00,15,3712
Málaga,456,0.53,0.47,13.38,26.32,-2.56,0.04,0.00,0.02,1,187
Málaga,67245,0.49,0.51,20.33,15.72,33.69,0.26,0.01,0.01,280,29032
Málaga,1558,0.51,0.49,14.7,26.06,-3.11,0.22,0.01,0.01,7,815
Málaga,2999,0.50,0.50,22.01,15.67,1.59,0.02,0.01,0.01,9,1329
Málaga,1491,0.52,0.48,17.57,19.25,-7.51,0.02,0.01,0.01,2,714
Málaga,493,0.50,0.50,15.21,26.37,-8.36,0.04,0.01,0.01,3,176
Málaga,960,0.52,0.48,14.69,23.75,-7.25,0.03,0.01,0.01,5,384
Málaga,1871,0.51,0.49,14.75,22.18,-8.69,0.01,0.00,0.01,7,768
Málaga,8511,0.50,0.50,20.96,16.32,4.01,0.04,0.01,0.01,34,3542
Málaga,1710,0.50,0.50,10.94,24.15,-16.63,0.01,0.00,0.01,6,926
Málaga,1710,0.53,0.47,14.15,28.42,-26.42,0.23,0.01,0.01,2,763
Málaga,773,0.50,0.50,14.49,28.85,-4.92,0.29,0.00,0.01,2,384
Málaga,750,0.51,0.49,13.6,22.67,-15.45,0.05,0.01,0.01,2,376
Málaga,241,0.52,0.48,10.37,27.8,-3.98,0.06,0.00,0.01,0,118
Málaga,24824,0.51,0.49,25.9,11.05,40.33,0.06,0.01,0.01,122,9812
Málaga,3443,0.53,0.47,18.5,19.58,2.35,0.07,0.01,0.01,16,1642
Málaga,2573,0.53,0.47,17.33,22.74,-3.49,0.09,0.01,0.02,7,1123
Málaga,5795,0.51,0.49,22.17,16.08,35.3,0.30,0.01,0.01,20,2549
Málaga,21456,0.50,0.50,23.52,15.16,4.4,0.17,0.01,0.01,65,9288
Málaga,3385,0.51,0.49,19.65,19.85,0.03,0.10,0.01,0.01,11,3086
Málaga,1348,0.54,0.46,11.72,32.86,-11.43,0.32,0.00,0.01,0,627
Málaga,3705,0.51,0.49,15.14,29.34,3.43,0.44,0.01,0.01,3,1731
Málaga,3277,0.51,0.49,18.07,19.1,-12.8,0.03,0.01,0.01,10,1363
Málaga,1430,0.50,0.50,21.33,18.6,0,0.04,0.01,0.01,4,611
Málaga,3776,0.50,0.50,18.72,19.44,-5.77,0.07,0.01,0.01,6,1692
Málaga,1618,0.49,0.51,13.97,25.65,-12.4,0.01,0.01,0.01,5,600
Málaga,598,0.51,0.49,12.04,28.76,-6.85,0.20,0.00,0.01,0,242
Málaga,66683,0.49,0.51,22.73,15.03,13.79,0.23,0.01,0.01,192,32109
Málaga,265,0.49,0.51,11.7,33.21,-8.3,0.06,0.00,0.02,0,113
Málaga,3039,0.50,0.50,19.02,21.16,12.93,0.32,0.01,0.01,7,1416
Málaga,77486,0.49,0.51,18.01,21.41,21.26,0.34,0.01,0.01,204,31582
Málaga,2525,0.51,0.49,20.48,19.45,14.31,0.12,0.01,0.01,14,1181
Málaga,1620,0.52,0.48,18.46,24.69,-13.74,0.18,0.01,0.01,2,798
Málaga,424,0.52,0.48,11.32,31.6,-15.54,0.07,0.00,0.02,0,179
Málaga,2047,0.51,0.49,18.17,26.62,-8.12,0.13,0.01,0.02,3,963
Málaga,3311,0.50,0.50,22.05,15.31,9.78,0.03,0.01,0.01,6,1616
Málaga,793,0.51,0.49,14.63,26.36,-16.35,0.01,0.01,0.01,2,374
Málaga,1399,0.50,0.50,17.01,20.87,-2.3,0.14,0.00,0.01,5,686
Málaga,874,0.51,0.49,21.62,15.79,1.75,0.07,0.01,0.01,4,348
Málaga,409,0.52,0.48,13.69,30.56,-2.85,0.09,0.00,0.03,2,196
Málaga,634,0.50,0.50,14.83,22.08,-17.12,0.09,0.02,0.01,0,276
Málaga,228,0.57,0.43,14.47,25,18.13,0.06,0.00,0.01,0,82
Málaga,461,0.54,0.46,18,19.31,19.74,0.13,0.02,0.01,2,3373
Málaga,569009,0.48,0.52,20.92,16.72,1.49,0.08,0.01,0.01,2079,254484
Málaga,14750,0.51,0.49,23.04,13.76,31.92,0.39,0.01,0.00,44,7189
Málaga,140744,0.48,0.52,22.04,13.91,12.13,0.24,0.01,0.01,435,78515
Málaga,77769,0.50,0.50,23.53,13.55,27.18,0.32,0.01,0.00,232,38490
Málaga,1217,0.52,0.48,22.84,16.35,1.59,0.05,0.01,0.01,3,462
Málaga,4913,0.50,0.50,19.56,21.98,12.43,0.17,0.01,0.01,8,2518
Málaga,2400,0.51,0.49,22.96,16.58,14.61,0.17,0.01,0.01,5,1032
Málaga,640,0.52,0.48,15.63,24.53,-,0.05,0.00,0.01,0,0
Málaga,1011,0.49,0.51,16.42,25.82,-0.2,0.08,0.01,0.01,5,5394
Málaga,21204,0.49,0.51,18.41,22.13,4.14,0.25,0.01,0.01,56,8963
Málaga,3385,0.51,0.49,21.18,15.13,35.89,0.20,0.01,0.01,14,1651
Málaga,230,0.49,0.51,12.17,31.3,1.77,0.02,0.00,0.01,1,90
Málaga,3149,0.52,0.48,18.29,21.15,-10.64,0.09,0.01,0.02,2,1634
Málaga,9106,0.51,0.49,22.79,14.43,16.56,0.07,0.01,0.01,30,3928
Málaga,305,0.51,0.49,9.51,31.48,-3.48,0.06,0.01,0.01,0,139
Málaga,44003,0.49,0.51,24.58,12.07,30.12,0.06,0.01,0.01,217,18190
Málaga,2812,0.52,0.48,18.03,22.58,-7.26,0.10,0.00,0.01,6,3299
Málaga,34381,0.49,0.51,20.15,17.48,-4.06,0.03,0.01,0.01,135,16391
Málaga,181,0.51,0.49,11.6,26.52,-5.24,0.08,0.01,0.01,1,269
Málaga,1628,0.52,0.48,13.57,29.91,11.51,0.41,0.01,0.01,1,587
Málaga,625,0.57,0.43,8.64,33.12,-3.25,0.34,0.00,0.01,0,294
Málaga,503,0.50,0.50,15.9,27.83,-,0.04,0.00,0.01,1,0
Málaga,3370,0.50,0.50,19.76,18.58,-1.4,0.02,0.01,0.01,11,1701
Málaga,3912,0.50,0.50,18.76,18.94,-8.56,0.02,0.01,0.01,6,1812
Málaga,2093,0.50,0.50,15.81,24.13,-10.4,0.06,0.01,0.01,8,908
Málaga,67786,0.50,0.50,19.73,16.9,15.51,0.21,0.01,0.01,223,33265
Málaga,15098,0.51,0.49,18.82,20.85,1.16,0.27,0.01,0.01,33,7342
Málaga,707,0.52,0.48,19.66,15.42,0,0.04,0.01,0.01,2,272
Málaga,2603,0.51,0.49,16.29,23.59,-11.91,0.01,0.01,0.02,10,1208
Málaga,78890,0.50,0.50,22.18,15.4,16.53,0.09,0.01,0.01,269,33693
Málaga,4325,0.52,0.48,18.45,20.46,-3.74,0.08,0.01,0.01,16,2127
Málaga,3304,0.49,0.51,21.07,19.16,-,0.05,0.01,0.01,8,174
Málaga,1531,0.51,0.49,16.79,25.41,-8.49,0.04,0.01,0.01,5,775
Málaga,3465,0.49,0.51,18.85,22.54,-0.14,0.03,0.01,0.01,6,1588
Málaga,5313,0.50,0.50,20.89,19.07,1.8,0.05,0.01,0.01,20,2441
Málaga,2009,0.52,0.48,14.78,31.96,15.66,0.43,0.01,0.01,5,973
Málaga,2948,0.51,0.49,17.98,20.08,-10.23,0.02,0.01,0.01,6,1159
Sevilla,2073,0.49,0.51,20.69,20.26,3.13,0.06,0.01,0.01,8,975
Sevilla,1811,0.50,0.50,18.28,20.27,-4.18,0.02,0.01,0.01,6,788
Sevilla,3135,0.50,0.50,27.3,10.14,33.35,0.02,0.01,0.01,10,1195
Sevilla,75080,0.50,0.50,25.11,13.1,15.53,0.02,0.01,0.01,275,33860
Sevilla,11813,0.51,0.49,23.72,13.66,24.56,0.02,0.01,0.01,58,5213
Sevilla,3397,0.50,0.50,21.61,17.13,1.22,0.01,0.01,0.01,6,1451
Sevilla,16203,0.50,0.50,22.87,13.38,17.72,0.04,0.01,0.01,76,6219
Sevilla,1283,0.52,0.48,19.88,20.65,-3.53,0.01,0.01,0.01,3,589
Sevilla,1461,0.52,0.48,17.93,20.94,-11.4,0.01,0.01,0.01,6,605
Sevilla,5919,0.50,0.50,25.48,9.95,20.13,0.02,0.01,0.01,29,2766
Sevilla,19594,0.50,0.50,22.79,15.08,3.89,0.01,0.01,0.01,70,8389
Sevilla,4470,0.51,0.49,23.58,15.06,17.85,0.06,0.01,0.01,17,1952
Sevilla,6148,0.51,0.49,22.22,14.51,0.89,0.02,0.01,0.01,22,2694
Sevilla,3147,0.51,0.49,22.08,15.48,-1.66,0.01,0.01,0.01,14,1433
Sevilla,7134,0.50,0.50,25.85,11.63,20.49,0.02,0.01,0.01,28,2967
Sevilla,10330,0.50,0.50,27.93,10.71,45.82,0.04,0.01,0.01,47,4366
Sevilla,21476,0.50,0.50,28.87,8.57,36.43,0.04,0.01,0.00,87,9078
Sevilla,12683,0.50,0.50,22.86,14.12,7.3,0.06,0.01,0.01,58,5337
Sevilla,6449,0.50,0.50,26.41,9.49,42.99,0.04,0.01,0.01,24,2610
Sevilla,16516,0.50,0.50,23.34,13.56,2.34,0.01,0.01,0.01,66,6863
Sevilla,27258,0.49,0.51,21.12,16.66,6.04,0.04,0.01,0.01,126,12259
Sevilla,5399,0.50,0.50,21.47,17.89,2.64,0.02,0.01,0.01,24,2410
Sevilla,3302,0.50,0.50,21.32,16.38,6.41,0.01,0.01,0.01,15,1488
Sevilla,10645,0.51,0.49,22.23,15.33,9.25,0.07,0.01,0.01,43,4148
Sevilla,28595,0.50,0.50,21.28,16.06,5.05,0.03,0.01,0.01,102,13218
Sevilla,2548,0.48,0.52,20.37,18.88,12.4,0.03,0.01,0.01,10,1139
Sevilla,5593,0.51,0.49,21.21,16.31,3.31,0.05,0.01,0.01,18,2776
Sevilla,4868,0.50,0.50,19,18.73,-0.04,0.03,0.01,0.01,17,2267
Sevilla,2857,0.52,0.48,32.76,6.41,13.73,0.01,0.01,0.00,6,1298
Sevilla,17532,0.49,0.51,22.42,14.16,3.88,0.04,0.01,0.01,41,8633
Sevilla,635,0.51,0.49,18.11,19.53,-2.46,0.03,0.01,0.01,2,312
Sevilla,1480,0.51,0.49,16.15,23.24,-9.04,0.03,0.01,0.02,1,722
Sevilla,4933,0.49,0.51,19.26,19.3,-4.27,0.02,0.00,0.01,26,2125
Sevilla,6119,0.50,0.50,18.84,19.74,-9.44,0.01,0.01,0.01,11,2817
Sevilla,30418,0.50,0.50,23.35,13.52,14.79,0.04,0.01,0.01,132,13260
Sevilla,1337,0.50,0.50,18.47,27.08,-6.89,0.01,0.01,0.02,4,647
Sevilla,4855,0.50,0.50,19.57,19.63,-3.54,0.02,0.01,0.01,16,2292
Sevilla,3987,0.51,0.49,20.79,15.27,-2.47,0.02,0.01,0.01,16,1975
Sevilla,8681,0.51,0.49,22.23,12.75,4.58,0.04,0.01,0.01,46,3276
Sevilla,131855,0.49,0.51,24.81,11.83,14.98,0.02,0.01,0.01,486,63006
Sevilla,40270,0.49,0.51,22.56,14.85,2.48,0.02,0.01,0.01,153,18612
Sevilla,15198,0.50,0.50,29.73,8.29,65.61,0.05,0.01,0.01,63,6581
Sevilla,12615,0.50,0.50,22.69,14.49,2.59,0.04,0.01,0.01,47,6053
Sevilla,7166,0.50,0.50,19.59,19.62,-2.54,0.02,0.01,0.01,32,3542
Sevilla,770,0.50,0.50,17.79,18.57,-5.17,0.02,0.01,0.02,3,357
Sevilla,9951,0.50,0.50,25.81,9.83,19.53,0.03,0.01,0.01,46,4674
Sevilla,7444,0.50,0.50,22.97,14.52,26.45,0.02,0.01,0.01,38,3053
Sevilla,3825,0.51,0.49,20.94,16.21,-1.87,0.04,0.01,0.01,15,1793
Sevilla,13261,0.49,0.51,25.22,12,7.48,0.02,0.01,0.01,49,6577
Sevilla,2706,0.50,0.50,18.99,21.51,-8.89,0.01,0.01,0.02,7,1206
Sevilla,12570,0.51,0.49,25,11.7,34.9,0.04,0.01,0.01,48,5123
Sevilla,6503,0.50,0.50,21.53,17.02,2.54,0.02,0.01,0.01,30,2950
Sevilla,2836,0.51,0.49,24.26,15.69,15.24,0.01,0.01,0.01,16,1209
Sevilla,5911,0.50,0.50,21.96,13.89,1.95,0.02,0.01,0.01,19,3354
Sevilla,3858,0.51,0.49,24.36,15.03,1.66,0.01,0.01,0.01,15,1739
Sevilla,27398,0.50,0.50,23.26,13.93,8.87,0.02,0.01,0.01,94,11519
Sevilla,848,0.51,0.49,17.45,19.1,2.05,0.04,0.01,0.00,0,564
Sevilla,19124,0.50,0.50,22,15.81,0.25,0.03,0.01,0.01,60,8870
Sevilla,4604,0.50,0.50,21.07,16.09,1.79,0.02,0.01,0.01,21,2141
Sevilla,296,0.49,0.51,7.09,37.16,-18.01,0.01,0.00,0.02,0,132
Sevilla,23047,0.50,0.50,24.74,12.67,23.18,0.03,0.01,0.01,96,10258
Sevilla,45040,0.49,0.51,24.23,11.29,15.3,0.03,0.01,0.00,200,22095
Sevilla,19773,0.50,0.50,23,16.22,3.58,0.03,0.01,0.01,94,8904
Sevilla,2711,0.51,0.49,20.21,17.45,0.82,0.02,0.01,0.01,10,1600
Sevilla,2733,0.52,0.48,19.8,16.06,-0.15,0.02,0.01,0.01,10,1328
Sevilla,3470,0.51,0.49,23.89,13.08,17.75,0.01,0.01,0.01,7,1457
Sevilla,7050,0.50,0.50,22.75,15.94,0.96,0.01,0.01,0.01,25,3223
Sevilla,28073,0.49,0.51,20.38,17.81,-0.78,0.01,0.01,0.01,125,12137
Sevilla,1629,0.50,0.50,18.17,21.49,-9.2,0.01,0.01,0.02,1,691
Sevilla,9415,0.50,0.50,24.68,13.2,6.82,0.03,0.01,0.01,26,4033
Sevilla,17738,0.50,0.50,22.77,16.13,0.82,0.01,0.01,0.01,66,7606
Sevilla,38173,0.50,0.50,25.36,12.66,8.37,0.02,0.01,0.01,203,15194
Sevilla,8315,0.50,0.50,27.96,9.4,62.56,0.02,0.01,0.01,30,3731
Sevilla,6991,0.50,0.50,21.51,19.24,-0.51,0.02,0.01,0.01,30,3057
Sevilla,5295,0.49,0.51,22.98,15.32,3.1,0.05,0.01,0.01,15,2228
Sevilla,2074,0.49,0.51,18.03,19.38,-9.67,0.02,0.01,0.01,4,897
Sevilla,3697,0.50,0.50,19.56,18.01,-0.59,0.01,0.01,0.01,9,1804
Sevilla,13999,0.51,0.49,24.24,14.39,15.02,0.07,0.01,0.01,41,5769
Sevilla,2664,0.51,0.49,19.86,20.72,-11.38,0.02,0.01,0.01,9,1232
Sevilla,11190,0.50,0.50,22.8,17.07,2.17,0.03,0.01,0.01,49,4824
Sevilla,3071,0.50,0.50,18.98,21.88,-6.71,0.02,0.01,0.01,12,1458
Sevilla,11995,0.50,0.50,22.62,13.77,3.67,0.02,0.01,0.01,42,6141
Sevilla,1575,0.49,0.51,19.62,20.44,-3.79,0.02,0.01,0.01,2,682
Sevilla,38277,0.50,0.50,24.69,11.52,14.7,0.02,0.01,0.01,163,16514
Sevilla,4278,0.50,0.50,20.27,17.37,-2.37,0.03,0.01,0.01,24,2130
Sevilla,1397,0.52,0.48,18.9,20.97,0.36,0.01,0.01,0.01,4,630
Sevilla,3497,0.49,0.51,18.79,19.25,-1.94,0.03,0.01,0.01,11,1935
Sevilla,5498,0.49,0.51,25.54,12.19,25.21,0.03,0.01,0.01,22,2551
Sevilla,21556,0.49,0.51,22.13,16.59,7.13,0.07,0.01,0.01,86,9408
Sevilla,590,0.51,0.49,15.93,20.17,-13.49,0.01,0.01,0.01,0,322
Sevilla,13539,0.50,0.50,23.87,13.73,13.34,0.04,0.01,0.01,67,5901
Sevilla,8442,0.50,0.50,23.5,13.46,9.04,0.03,0.01,0.01,32,3818
Sevilla,4350,0.50,0.50,20.14,19.84,-0.66,0.02,0.01,0.01,14,1994
Sevilla,690566,0.47,0.53,19.89,18.63,-1.97,0.04,0.01,0.01,2543,319027
Sevilla,9689,0.50,0.50,21.12,15.82,5.71,0.02,0.01,0.01,46,4197
Sevilla,24851,0.50,0.50,26.25,11.16,20.02,0.03,0.01,0.00,108,12223
Sevilla,8663,0.50,0.50,27.14,10.56,35.68,0.03,0.01,0.01,41,3481
Sevilla,52674,0.50,0.50,22.62,14.15,9.23,0.02,0.01,0.01,210,21164
Sevilla,7949,0.49,0.51,23.24,13.76,3.91,0.03,0.01,0.01,26,4146
Sevilla,4462,0.49,0.51,23.11,14.57,13.36,0.11,0.01,0.01,12,2047
Sevilla,1202,0.48,0.52,17.72,26.12,-15.35,0.01,0.00,0.02,3,526
Sevilla,6490,0.49,0.51,24.38,13.82,13.38,0.02,0.01,0.01,21,2817
Sevilla,4906,0.50,0.50,19.4,20.91,-5.96,0.02,0.01,0.01,9,2194
Sevilla,7840,0.51,0.49,23.66,13.79,15.63,0.04,0.01,0.01,34,3173
Sevilla,19168,0.50,0.50,24.2,14.3,9.55,0.03,0.01,0.01,66,8414
